{"payload":{"local_timestamp":1738736015827,"message_id":1,"output":"\u001b[1;38;5;214mCOMET WARNING:\u001b[0m Failing to collect the installed pip packages\n","stderr":true},"type":"standard_output"}
{"payload":{"command":["train.py","--weights","yolov5.pt","--data","C:\\Users\\Tanishq\\Desktop\\Work\\computer_vision\\yolov5\\data\\Hardhat.yaml","--epochs","5"],"env":null,"hostname":"LAPTOP-FB90UVOA","ip":"192.168.29.99","machine":"AMD64","message_id":2,"os":"Windows-11-10.0.22631-SP0","os_release":"11","os_type":"Windows","pid":13440,"processor":"Intel64 Family 6 Model 154 Stepping 4, GenuineIntel","python_exe":"C:\\Users\\Tanishq\\anaconda3\\ponda\\python.exe","python_version":"3.12.3","python_version_verbose":"3.12.3 | packaged by conda-forge | (main, Apr 15 2024, 18:20:11) [MSC v.1938 64 bit (AMD64)]","user":"Tanishq"},"type":"system_details"}
{"payload":{"local_timestamp":1738736015901,"message_id":3,"param":{"paramName":"weights","paramValue":"yolov5.pt","source":"cli","step":null}},"type":"parameter_msg"}
{"payload":{"local_timestamp":1738736015901,"message_id":4,"param":{"paramName":"data","paramValue":"C:\\Users\\Tanishq\\Desktop\\Work\\computer_vision\\yolov5\\data\\Hardhat.yaml","source":"cli","step":null}},"type":"parameter_msg"}
{"payload":{"local_timestamp":1738736015901,"message_id":5,"param":{"paramName":"epochs","paramValue":5,"source":"cli","step":null}},"type":"parameter_msg"}
{"payload":{"key":"offline_experiment","message_id":6,"value":true},"type":"log_other"}
{"payload":{"key":"Name","message_id":7,"value":"exp"},"type":"log_other"}
{"payload":{"local_timestamp":1738736016151,"message_id":8,"metric":{"epoch":null,"metricName":"sys.cpu.percent.avg","metricValue":0.0,"step":null}},"type":"metric_msg"}
{"payload":{"local_timestamp":1738736016151,"message_id":9,"metric":{"epoch":null,"metricName":"sys.ram.total","metricValue":16890978304,"step":null}},"type":"metric_msg"}
{"payload":{"local_timestamp":1738736016152,"message_id":10,"metric":{"epoch":null,"metricName":"sys.ram.used","metricValue":8460369920,"step":null}},"type":"metric_msg"}
{"payload":{"local_timestamp":1738736016152,"message_id":11,"metric":{"epoch":null,"metricName":"sys.ram.available","metricValue":8430608384,"step":null}},"type":"metric_msg"}
{"payload":{"local_timestamp":1738736016152,"message_id":12,"metric":{"epoch":null,"metricName":"sys.ram.percent.used","metricValue":50.1,"step":null}},"type":"metric_msg"}
{"payload":{"local_timestamp":1738736016152,"message_id":13,"metric":{"epoch":null,"metricName":"sys.load.avg","metricValue":0.0,"step":null}},"type":"metric_msg"}
{"payload":{"additional_params":{"assetId":"e87154235ded4a6a8af85430b996e677","context":null,"extension":"yaml","fileName":"Hardhat.yaml","overwrite":false,"runId":null,"step":null},"clean":true,"file_path":"tmp7p82kwu6","local_timestamp":1738736016156,"message_id":14,"metadata":{"type":"data-config-file"},"upload_type":"asset"},"type":"file_upload"}
{"payload":{"local_timestamp":1738736016176,"message_id":15,"output":"Downloading https://github.com/ultralytics/assets/releases/download/v0.0.0/Arial.ttf to C:\\Users\\Tanishq\\AppData\\Roaming\\Ultralytics\\Arial.ttf...\n","stderr":true},"type":"standard_output"}
{"payload":{"git_metadata":{"branch":"refs/heads/master","origin":"https://github.com/ultralytics/yolov5","parent":"5cdad8922c83b0ed49a0173cd1a8b0739acbb336","repo_name":"yolov5","root":"1e84a23f38fad9e52b59101e9f1246d93066ed1e","status":null,"user":"tanishq450"},"message_id":16},"type":"git_metadata"}
{"payload":{"local_timestamp":1738736019169,"message_id":17,"output":"\r  0%|                                                                                                    | 0.00/755k [00:00<?, ?B/s]","stderr":true},"type":"standard_output"}
{"payload":{"local_timestamp":1738736019251,"message_id":18,"output":"\r100%|\u2588\u2588\u2588\u2588\u2588\u2588\u2588\u2588\u2588\u2588\u2588\u2588\u2588\u2588\u2588\u2588\u2588\u2588\u2588\u2588\u2588\u2588\u2588\u2588\u2588\u2588\u2588\u2588\u2588\u2588\u2588\u2588\u2588\u2588\u2588\u2588\u2588\u2588\u2588\u2588\u2588\u2588\u2588\u2588\u2588\u2588\u2588\u2588\u2588\u2588\u2588\u2588\u2588\u2588\u2588\u2588\u2588\u2588\u2588\u2588\u2588\u2588\u2588\u2588\u2588\u2588\u2588\u2588\u2588\u2588\u2588\u2588\u2588\u2588\u2588\u2588\u2588\u2588\u2588\u2588\u2588\u2588\u2588\u2588\u2588\u2588\u2588\u2588\u2588\u2588\u2588\u2588| 755k/755k [00:00<00:00, 9.40MB/s]","stderr":true},"type":"standard_output"}
{"payload":{"local_timestamp":1738736019251,"message_id":19,"output":"\n","stderr":true},"type":"standard_output"}
{"payload":{"key":"Created from","message_id":20,"value":"YOLOv5"},"type":"log_other"}
{"payload":{"key":"hasNestedParams","message_id":21,"value":true},"type":"log_other"}
{"payload":{"local_timestamp":1738736019255,"message_id":22,"param":{"paramName":"artifact_alias","paramValue":"latest","source":"manual","step":null}},"type":"parameter_msg"}
{"payload":{"local_timestamp":1738736019255,"message_id":23,"param":{"paramName":"batch_size","paramValue":16,"source":"manual","step":null}},"type":"parameter_msg"}
{"payload":{"local_timestamp":1738736019255,"message_id":24,"param":{"paramName":"bbox_interval","paramValue":-1,"source":"manual","step":null}},"type":"parameter_msg"}
{"payload":{"local_timestamp":1738736019255,"message_id":25,"param":{"paramName":"bucket","paramValue":"","source":"manual","step":null}},"type":"parameter_msg"}
{"payload":{"local_timestamp":1738736019255,"message_id":26,"param":{"paramName":"cache","paramValue":null,"source":"manual","step":null}},"type":"parameter_msg"}
{"payload":{"local_timestamp":1738736019255,"message_id":27,"param":{"paramName":"cfg","paramValue":"","source":"manual","step":null}},"type":"parameter_msg"}
{"payload":{"local_timestamp":1738736019255,"message_id":28,"param":{"paramName":"cos_lr","paramValue":false,"source":"manual","step":null}},"type":"parameter_msg"}
{"payload":{"local_timestamp":1738736019256,"message_id":29,"param":{"paramName":"device","paramValue":"","source":"manual","step":null}},"type":"parameter_msg"}
{"payload":{"local_timestamp":1738736019256,"message_id":30,"param":{"paramName":"entity","paramValue":null,"source":"manual","step":null}},"type":"parameter_msg"}
{"payload":{"local_timestamp":1738736019256,"message_id":31,"param":{"paramName":"evolve","paramValue":null,"source":"manual","step":null}},"type":"parameter_msg"}
{"payload":{"local_timestamp":1738736019256,"message_id":32,"param":{"paramName":"evolve_population","paramValue":"data\\hyps","source":"manual","step":null}},"type":"parameter_msg"}
{"payload":{"local_timestamp":1738736019256,"message_id":33,"param":{"paramName":"exist_ok","paramValue":false,"source":"manual","step":null}},"type":"parameter_msg"}
{"payload":{"local_timestamp":1738736019256,"message_id":34,"params":{"paramName":"freeze","paramValue":[0],"source":"manual","step":null}},"type":"parameter_msg"}
{"payload":{"local_timestamp":1738736019256,"message_id":35,"param":{"paramName":"hyp|anchor_t","paramValue":4.0,"source":"manual","step":null}},"type":"parameter_msg"}
{"payload":{"local_timestamp":1738736019256,"message_id":36,"param":{"paramName":"hyp|box","paramValue":0.05,"source":"manual","step":null}},"type":"parameter_msg"}
{"payload":{"local_timestamp":1738736019256,"message_id":37,"param":{"paramName":"hyp|cls","paramValue":0.5,"source":"manual","step":null}},"type":"parameter_msg"}
{"payload":{"local_timestamp":1738736019256,"message_id":38,"param":{"paramName":"hyp|cls_pw","paramValue":1.0,"source":"manual","step":null}},"type":"parameter_msg"}
{"payload":{"local_timestamp":1738736019256,"message_id":39,"param":{"paramName":"hyp|copy_paste","paramValue":0.0,"source":"manual","step":null}},"type":"parameter_msg"}
{"payload":{"local_timestamp":1738736019256,"message_id":40,"param":{"paramName":"hyp|degrees","paramValue":0.0,"source":"manual","step":null}},"type":"parameter_msg"}
{"payload":{"local_timestamp":1738736019256,"message_id":41,"param":{"paramName":"hyp|fl_gamma","paramValue":0.0,"source":"manual","step":null}},"type":"parameter_msg"}
{"payload":{"local_timestamp":1738736019256,"message_id":42,"param":{"paramName":"hyp|fliplr","paramValue":0.5,"source":"manual","step":null}},"type":"parameter_msg"}
{"payload":{"local_timestamp":1738736019256,"message_id":43,"param":{"paramName":"hyp|flipud","paramValue":0.0,"source":"manual","step":null}},"type":"parameter_msg"}
{"payload":{"local_timestamp":1738736019256,"message_id":44,"param":{"paramName":"hyp|hsv_h","paramValue":0.015,"source":"manual","step":null}},"type":"parameter_msg"}
{"payload":{"local_timestamp":1738736019256,"message_id":45,"param":{"paramName":"hyp|hsv_s","paramValue":0.7,"source":"manual","step":null}},"type":"parameter_msg"}
{"payload":{"local_timestamp":1738736019256,"message_id":46,"param":{"paramName":"hyp|hsv_v","paramValue":0.4,"source":"manual","step":null}},"type":"parameter_msg"}
{"payload":{"local_timestamp":1738736019256,"message_id":47,"param":{"paramName":"hyp|iou_t","paramValue":0.2,"source":"manual","step":null}},"type":"parameter_msg"}
{"payload":{"local_timestamp":1738736019256,"message_id":48,"param":{"paramName":"hyp|lr0","paramValue":0.01,"source":"manual","step":null}},"type":"parameter_msg"}
{"payload":{"local_timestamp":1738736019256,"message_id":49,"param":{"paramName":"hyp|lrf","paramValue":0.01,"source":"manual","step":null}},"type":"parameter_msg"}
{"payload":{"local_timestamp":1738736019256,"message_id":50,"param":{"paramName":"hyp|mixup","paramValue":0.0,"source":"manual","step":null}},"type":"parameter_msg"}
{"payload":{"local_timestamp":1738736019256,"message_id":51,"param":{"paramName":"hyp|momentum","paramValue":0.937,"source":"manual","step":null}},"type":"parameter_msg"}
{"payload":{"local_timestamp":1738736019256,"message_id":52,"param":{"paramName":"hyp|mosaic","paramValue":1.0,"source":"manual","step":null}},"type":"parameter_msg"}
{"payload":{"local_timestamp":1738736019256,"message_id":53,"param":{"paramName":"hyp|obj","paramValue":1.0,"source":"manual","step":null}},"type":"parameter_msg"}
{"payload":{"local_timestamp":1738736019256,"message_id":54,"param":{"paramName":"hyp|obj_pw","paramValue":1.0,"source":"manual","step":null}},"type":"parameter_msg"}
{"payload":{"local_timestamp":1738736019256,"message_id":55,"param":{"paramName":"hyp|perspective","paramValue":0.0,"source":"manual","step":null}},"type":"parameter_msg"}
{"payload":{"local_timestamp":1738736019256,"message_id":56,"param":{"paramName":"hyp|scale","paramValue":0.5,"source":"manual","step":null}},"type":"parameter_msg"}
{"payload":{"local_timestamp":1738736019256,"message_id":57,"param":{"paramName":"hyp|shear","paramValue":0.0,"source":"manual","step":null}},"type":"parameter_msg"}
{"payload":{"local_timestamp":1738736019256,"message_id":58,"param":{"paramName":"hyp|translate","paramValue":0.1,"source":"manual","step":null}},"type":"parameter_msg"}
{"payload":{"local_timestamp":1738736019256,"message_id":59,"param":{"paramName":"hyp|warmup_bias_lr","paramValue":0.1,"source":"manual","step":null}},"type":"parameter_msg"}
{"payload":{"local_timestamp":1738736019256,"message_id":60,"param":{"paramName":"hyp|warmup_epochs","paramValue":3.0,"source":"manual","step":null}},"type":"parameter_msg"}
{"payload":{"local_timestamp":1738736019256,"message_id":61,"param":{"paramName":"hyp|warmup_momentum","paramValue":0.8,"source":"manual","step":null}},"type":"parameter_msg"}
{"payload":{"local_timestamp":1738736019256,"message_id":62,"param":{"paramName":"hyp|weight_decay","paramValue":0.0005,"source":"manual","step":null}},"type":"parameter_msg"}
{"payload":{"local_timestamp":1738736019256,"message_id":63,"param":{"paramName":"image_weights","paramValue":false,"source":"manual","step":null}},"type":"parameter_msg"}
{"payload":{"local_timestamp":1738736019256,"message_id":64,"param":{"paramName":"imgsz","paramValue":640,"source":"manual","step":null}},"type":"parameter_msg"}
{"payload":{"local_timestamp":1738736019256,"message_id":65,"param":{"paramName":"label_smoothing","paramValue":0.0,"source":"manual","step":null}},"type":"parameter_msg"}
{"payload":{"local_timestamp":1738736019256,"message_id":66,"param":{"paramName":"local_rank","paramValue":-1,"source":"manual","step":null}},"type":"parameter_msg"}
{"payload":{"local_timestamp":1738736019258,"message_id":67,"param":{"paramName":"multi_scale","paramValue":false,"source":"manual","step":null}},"type":"parameter_msg"}
{"payload":{"local_timestamp":1738736019258,"message_id":68,"param":{"paramName":"name","paramValue":"exp","source":"manual","step":null}},"type":"parameter_msg"}
{"payload":{"local_timestamp":1738736019258,"message_id":69,"param":{"paramName":"ndjson_console","paramValue":false,"source":"manual","step":null}},"type":"parameter_msg"}
{"payload":{"local_timestamp":1738736019258,"message_id":70,"param":{"paramName":"ndjson_file","paramValue":false,"source":"manual","step":null}},"type":"parameter_msg"}
{"payload":{"local_timestamp":1738736019258,"message_id":71,"param":{"paramName":"noautoanchor","paramValue":false,"source":"manual","step":null}},"type":"parameter_msg"}
{"payload":{"local_timestamp":1738736019258,"message_id":72,"param":{"paramName":"noplots","paramValue":false,"source":"manual","step":null}},"type":"parameter_msg"}
{"payload":{"local_timestamp":1738736019258,"message_id":73,"param":{"paramName":"nosave","paramValue":false,"source":"manual","step":null}},"type":"parameter_msg"}
{"payload":{"local_timestamp":1738736019258,"message_id":74,"param":{"paramName":"noval","paramValue":false,"source":"manual","step":null}},"type":"parameter_msg"}
{"payload":{"local_timestamp":1738736019258,"message_id":75,"param":{"paramName":"optimizer","paramValue":"SGD","source":"manual","step":null}},"type":"parameter_msg"}
{"payload":{"local_timestamp":1738736019258,"message_id":76,"param":{"paramName":"patience","paramValue":100,"source":"manual","step":null}},"type":"parameter_msg"}
{"payload":{"local_timestamp":1738736019258,"message_id":77,"param":{"paramName":"project","paramValue":"runs\\train","source":"manual","step":null}},"type":"parameter_msg"}
{"payload":{"local_timestamp":1738736019258,"message_id":78,"param":{"paramName":"quad","paramValue":false,"source":"manual","step":null}},"type":"parameter_msg"}
{"payload":{"local_timestamp":1738736019258,"message_id":79,"param":{"paramName":"rect","paramValue":false,"source":"manual","step":null}},"type":"parameter_msg"}
{"payload":{"local_timestamp":1738736019258,"message_id":80,"param":{"paramName":"resume","paramValue":false,"source":"manual","step":null}},"type":"parameter_msg"}
{"payload":{"local_timestamp":1738736019258,"message_id":81,"param":{"paramName":"resume_evolve","paramValue":null,"source":"manual","step":null}},"type":"parameter_msg"}
{"payload":{"local_timestamp":1738736019258,"message_id":82,"param":{"paramName":"save_dir","paramValue":"runs\\train\\exp4","source":"manual","step":null}},"type":"parameter_msg"}
{"payload":{"local_timestamp":1738736019258,"message_id":83,"param":{"paramName":"save_period","paramValue":-1,"source":"manual","step":null}},"type":"parameter_msg"}
{"payload":{"local_timestamp":1738736019258,"message_id":84,"param":{"paramName":"seed","paramValue":0,"source":"manual","step":null}},"type":"parameter_msg"}
{"payload":{"local_timestamp":1738736019258,"message_id":85,"param":{"paramName":"single_cls","paramValue":false,"source":"manual","step":null}},"type":"parameter_msg"}
{"payload":{"local_timestamp":1738736019258,"message_id":86,"param":{"paramName":"sync_bn","paramValue":false,"source":"manual","step":null}},"type":"parameter_msg"}
{"payload":{"local_timestamp":1738736019258,"message_id":87,"param":{"paramName":"upload_dataset","paramValue":false,"source":"manual","step":null}},"type":"parameter_msg"}
{"payload":{"local_timestamp":1738736019258,"message_id":88,"param":{"paramName":"workers","paramValue":8,"source":"manual","step":null}},"type":"parameter_msg"}
{"payload":{"local_timestamp":1738736019258,"message_id":89,"param":{"paramName":"anchor_t","paramValue":4.0,"source":"manual","step":null}},"type":"parameter_msg"}
{"payload":{"local_timestamp":1738736019258,"message_id":90,"param":{"paramName":"box","paramValue":0.05,"source":"manual","step":null}},"type":"parameter_msg"}
{"payload":{"local_timestamp":1738736019258,"message_id":91,"param":{"paramName":"cls","paramValue":0.5,"source":"manual","step":null}},"type":"parameter_msg"}
{"payload":{"local_timestamp":1738736019258,"message_id":92,"param":{"paramName":"cls_pw","paramValue":1.0,"source":"manual","step":null}},"type":"parameter_msg"}
{"payload":{"local_timestamp":1738736019258,"message_id":93,"param":{"paramName":"copy_paste","paramValue":0.0,"source":"manual","step":null}},"type":"parameter_msg"}
{"payload":{"local_timestamp":1738736019258,"message_id":94,"param":{"paramName":"degrees","paramValue":0.0,"source":"manual","step":null}},"type":"parameter_msg"}
{"payload":{"local_timestamp":1738736019258,"message_id":95,"param":{"paramName":"fl_gamma","paramValue":0.0,"source":"manual","step":null}},"type":"parameter_msg"}
{"payload":{"local_timestamp":1738736019258,"message_id":96,"param":{"paramName":"fliplr","paramValue":0.5,"source":"manual","step":null}},"type":"parameter_msg"}
{"payload":{"local_timestamp":1738736019258,"message_id":97,"param":{"paramName":"flipud","paramValue":0.0,"source":"manual","step":null}},"type":"parameter_msg"}
{"payload":{"local_timestamp":1738736019258,"message_id":98,"param":{"paramName":"hsv_h","paramValue":0.015,"source":"manual","step":null}},"type":"parameter_msg"}
{"payload":{"local_timestamp":1738736019258,"message_id":99,"param":{"paramName":"hsv_s","paramValue":0.7,"source":"manual","step":null}},"type":"parameter_msg"}
{"payload":{"local_timestamp":1738736019258,"message_id":100,"param":{"paramName":"hsv_v","paramValue":0.4,"source":"manual","step":null}},"type":"parameter_msg"}
{"payload":{"local_timestamp":1738736019258,"message_id":101,"param":{"paramName":"iou_t","paramValue":0.2,"source":"manual","step":null}},"type":"parameter_msg"}
{"payload":{"local_timestamp":1738736019258,"message_id":102,"param":{"paramName":"lr0","paramValue":0.01,"source":"manual","step":null}},"type":"parameter_msg"}
{"payload":{"local_timestamp":1738736019258,"message_id":103,"param":{"paramName":"lrf","paramValue":0.01,"source":"manual","step":null}},"type":"parameter_msg"}
{"payload":{"local_timestamp":1738736019259,"message_id":104,"param":{"paramName":"mixup","paramValue":0.0,"source":"manual","step":null}},"type":"parameter_msg"}
{"payload":{"local_timestamp":1738736019259,"message_id":105,"param":{"paramName":"momentum","paramValue":0.937,"source":"manual","step":null}},"type":"parameter_msg"}
{"payload":{"local_timestamp":1738736019259,"message_id":106,"param":{"paramName":"mosaic","paramValue":1.0,"source":"manual","step":null}},"type":"parameter_msg"}
{"payload":{"local_timestamp":1738736019259,"message_id":107,"param":{"paramName":"obj","paramValue":1.0,"source":"manual","step":null}},"type":"parameter_msg"}
{"payload":{"local_timestamp":1738736019259,"message_id":108,"param":{"paramName":"obj_pw","paramValue":1.0,"source":"manual","step":null}},"type":"parameter_msg"}
{"payload":{"local_timestamp":1738736019259,"message_id":109,"param":{"paramName":"perspective","paramValue":0.0,"source":"manual","step":null}},"type":"parameter_msg"}
{"payload":{"local_timestamp":1738736019259,"message_id":110,"param":{"paramName":"scale","paramValue":0.5,"source":"manual","step":null}},"type":"parameter_msg"}
{"payload":{"local_timestamp":1738736019259,"message_id":111,"param":{"paramName":"shear","paramValue":0.0,"source":"manual","step":null}},"type":"parameter_msg"}
{"payload":{"local_timestamp":1738736019259,"message_id":112,"param":{"paramName":"translate","paramValue":0.1,"source":"manual","step":null}},"type":"parameter_msg"}
{"payload":{"local_timestamp":1738736019259,"message_id":113,"param":{"paramName":"warmup_bias_lr","paramValue":0.1,"source":"manual","step":null}},"type":"parameter_msg"}
{"payload":{"local_timestamp":1738736019259,"message_id":114,"param":{"paramName":"warmup_epochs","paramValue":3.0,"source":"manual","step":null}},"type":"parameter_msg"}
{"payload":{"local_timestamp":1738736019259,"message_id":115,"param":{"paramName":"warmup_momentum","paramValue":0.8,"source":"manual","step":null}},"type":"parameter_msg"}
{"payload":{"local_timestamp":1738736019259,"message_id":116,"param":{"paramName":"weight_decay","paramValue":0.0005,"source":"manual","step":null}},"type":"parameter_msg"}
{"payload":{"additional_params":{"assetId":"e126c141c5864419a3d1e9fe44c8636a","context":null,"epoch":null,"extension":"json","fileName":"hyperparameters.json","overwrite":false,"runId":null,"step":null},"clean":true,"file_path":"tmp563wyfi3","local_timestamp":1738736019286,"message_id":117,"metadata":{"type":"hyp-config-file"},"upload_type":"asset"},"type":"file_upload"}
{"payload":{"additional_params":{"assetId":"6e4c4b3c96844d289cdb2d3575317f3e","context":null,"extension":"yaml","fileName":"opt.yaml","overwrite":false,"runId":null,"step":null},"clean":true,"file_path":"tmppvwlirxj","local_timestamp":1738736019264,"message_id":118,"metadata":{"type":"opt-config-file"},"upload_type":"asset"},"type":"file_upload"}
{"payload":{"local_timestamp":1738736019264,"message_id":119,"param":{"paramName":"val_conf_threshold","paramValue":0.001,"source":"manual","step":null}},"type":"parameter_msg"}
{"payload":{"local_timestamp":1738736019264,"message_id":120,"param":{"paramName":"val_iou_threshold","paramValue":0.6,"source":"manual","step":null}},"type":"parameter_msg"}
{"payload":{"key":"comet_mode","message_id":121,"value":"online"},"type":"log_other"}
{"payload":{"key":"comet_max_image_uploads","message_id":122,"value":100},"type":"log_other"}
{"payload":{"key":"comet_log_per_class_metrics","message_id":123,"value":false},"type":"log_other"}
{"payload":{"key":"comet_log_batch_metrics","message_id":124,"value":false},"type":"log_other"}
{"payload":{"key":"comet_log_confusion_matrix","message_id":125,"value":true},"type":"log_other"}
{"payload":{"key":"comet_model_name","message_id":126,"value":"yolov5"},"type":"log_other"}
{"payload":{"local_timestamp":1738736020454,"message_id":127,"output":"Traceback (most recent call last):\n","stderr":true},"type":"standard_output"}
{"payload":{"local_timestamp":1738736020454,"message_id":128,"output":"  File \"C:\\Users\\Tanishq\\Desktop\\Work\\computer_vision\\yolov5\\train.py\", line 986, in <module>\n","stderr":true},"type":"standard_output"}
{"payload":{"local_timestamp":1738736020454,"message_id":129,"output":"    ","stderr":true},"type":"standard_output"}
{"payload":{"local_timestamp":1738736020454,"message_id":130,"output":"main(opt)","stderr":true},"type":"standard_output"}
{"payload":{"local_timestamp":1738736020454,"message_id":131,"output":"\n","stderr":true},"type":"standard_output"}
{"payload":{"local_timestamp":1738736020454,"message_id":132,"output":"  File \"C:\\Users\\Tanishq\\Desktop\\Work\\computer_vision\\yolov5\\train.py\", line 688, in main\n","stderr":true},"type":"standard_output"}
{"payload":{"local_timestamp":1738736020454,"message_id":133,"output":"    ","stderr":true},"type":"standard_output"}
{"payload":{"local_timestamp":1738736020454,"message_id":134,"output":"train(opt.hyp, opt, device, callbacks)","stderr":true},"type":"standard_output"}
{"payload":{"local_timestamp":1738736020458,"message_id":135,"output":"\n","stderr":true},"type":"standard_output"}
{"payload":{"local_timestamp":1738736020458,"message_id":136,"output":"  File \"C:\\Users\\Tanishq\\Desktop\\Work\\computer_vision\\yolov5\\train.py\", line 215, in train\n","stderr":true},"type":"standard_output"}
{"payload":{"local_timestamp":1738736020458,"message_id":137,"output":"    ","stderr":true},"type":"standard_output"}
{"payload":{"local_timestamp":1738736020458,"message_id":138,"output":"ckpt = torch.load(weights, map_location=\"cpu\")  # load checkpoint to CPU to avoid CUDA memory leak","stderr":true},"type":"standard_output"}
{"payload":{"local_timestamp":1738736020458,"message_id":139,"output":"\n","stderr":true},"type":"standard_output"}
{"payload":{"local_timestamp":1738736020458,"message_id":140,"output":" ","stderr":true},"type":"standard_output"}
{"payload":{"local_timestamp":1738736020458,"message_id":141,"output":" ","stderr":true},"type":"standard_output"}
{"payload":{"local_timestamp":1738736020458,"message_id":142,"output":" ","stderr":true},"type":"standard_output"}
{"payload":{"local_timestamp":1738736020458,"message_id":143,"output":" ","stderr":true},"type":"standard_output"}
{"payload":{"local_timestamp":1738736020458,"message_id":144,"output":" ","stderr":true},"type":"standard_output"}
{"payload":{"local_timestamp":1738736020458,"message_id":145,"output":" ","stderr":true},"type":"standard_output"}
{"payload":{"local_timestamp":1738736020458,"message_id":146,"output":" ","stderr":true},"type":"standard_output"}
{"payload":{"local_timestamp":1738736020458,"message_id":147,"output":" ","stderr":true},"type":"standard_output"}
{"payload":{"local_timestamp":1738736020458,"message_id":148,"output":" ","stderr":true},"type":"standard_output"}
{"payload":{"local_timestamp":1738736020458,"message_id":149,"output":" ","stderr":true},"type":"standard_output"}
{"payload":{"local_timestamp":1738736020458,"message_id":150,"output":" ","stderr":true},"type":"standard_output"}
{"payload":{"local_timestamp":1738736020458,"message_id":151,"output":"^","stderr":true},"type":"standard_output"}
{"payload":{"local_timestamp":1738736020458,"message_id":152,"output":"^","stderr":true},"type":"standard_output"}
{"payload":{"local_timestamp":1738736020458,"message_id":153,"output":"^","stderr":true},"type":"standard_output"}
{"payload":{"local_timestamp":1738736020458,"message_id":154,"output":"^","stderr":true},"type":"standard_output"}
{"payload":{"local_timestamp":1738736020458,"message_id":155,"output":"^","stderr":true},"type":"standard_output"}
{"payload":{"local_timestamp":1738736020458,"message_id":156,"output":"^","stderr":true},"type":"standard_output"}
{"payload":{"local_timestamp":1738736020458,"message_id":157,"output":"^","stderr":true},"type":"standard_output"}
{"payload":{"local_timestamp":1738736020458,"message_id":158,"output":"^","stderr":true},"type":"standard_output"}
{"payload":{"local_timestamp":1738736020458,"message_id":159,"output":"^","stderr":true},"type":"standard_output"}
{"payload":{"local_timestamp":1738736020458,"message_id":160,"output":"^","stderr":true},"type":"standard_output"}
{"payload":{"local_timestamp":1738736020458,"message_id":161,"output":"^","stderr":true},"type":"standard_output"}
{"payload":{"local_timestamp":1738736020458,"message_id":162,"output":"^","stderr":true},"type":"standard_output"}
{"payload":{"local_timestamp":1738736020458,"message_id":163,"output":"^","stderr":true},"type":"standard_output"}
{"payload":{"local_timestamp":1738736020458,"message_id":164,"output":"^","stderr":true},"type":"standard_output"}
{"payload":{"local_timestamp":1738736020458,"message_id":165,"output":"^","stderr":true},"type":"standard_output"}
{"payload":{"local_timestamp":1738736020458,"message_id":166,"output":"^","stderr":true},"type":"standard_output"}
{"payload":{"local_timestamp":1738736020458,"message_id":167,"output":"^","stderr":true},"type":"standard_output"}
{"payload":{"local_timestamp":1738736020458,"message_id":168,"output":"^","stderr":true},"type":"standard_output"}
{"payload":{"local_timestamp":1738736020458,"message_id":169,"output":"^","stderr":true},"type":"standard_output"}
{"payload":{"local_timestamp":1738736020458,"message_id":170,"output":"^","stderr":true},"type":"standard_output"}
{"payload":{"local_timestamp":1738736020458,"message_id":171,"output":"^","stderr":true},"type":"standard_output"}
{"payload":{"local_timestamp":1738736020458,"message_id":172,"output":"^","stderr":true},"type":"standard_output"}
{"payload":{"local_timestamp":1738736020458,"message_id":173,"output":"^","stderr":true},"type":"standard_output"}
{"payload":{"local_timestamp":1738736020458,"message_id":174,"output":"^","stderr":true},"type":"standard_output"}
{"payload":{"local_timestamp":1738736020458,"message_id":175,"output":"^","stderr":true},"type":"standard_output"}
{"payload":{"local_timestamp":1738736020458,"message_id":176,"output":"^","stderr":true},"type":"standard_output"}
{"payload":{"local_timestamp":1738736020458,"message_id":177,"output":"^","stderr":true},"type":"standard_output"}
{"payload":{"local_timestamp":1738736020458,"message_id":178,"output":"^","stderr":true},"type":"standard_output"}
{"payload":{"local_timestamp":1738736020458,"message_id":179,"output":"^","stderr":true},"type":"standard_output"}
{"payload":{"local_timestamp":1738736020458,"message_id":180,"output":"^","stderr":true},"type":"standard_output"}
{"payload":{"local_timestamp":1738736020458,"message_id":181,"output":"^","stderr":true},"type":"standard_output"}
{"payload":{"local_timestamp":1738736020458,"message_id":182,"output":"^","stderr":true},"type":"standard_output"}
{"payload":{"local_timestamp":1738736020458,"message_id":183,"output":"^","stderr":true},"type":"standard_output"}
{"payload":{"local_timestamp":1738736020458,"message_id":184,"output":"^","stderr":true},"type":"standard_output"}
{"payload":{"local_timestamp":1738736020458,"message_id":185,"output":"^","stderr":true},"type":"standard_output"}
{"payload":{"local_timestamp":1738736020458,"message_id":186,"output":"^","stderr":true},"type":"standard_output"}
{"payload":{"local_timestamp":1738736020458,"message_id":187,"output":"^","stderr":true},"type":"standard_output"}
{"payload":{"local_timestamp":1738736020458,"message_id":188,"output":"^","stderr":true},"type":"standard_output"}
{"payload":{"local_timestamp":1738736020458,"message_id":189,"output":"^","stderr":true},"type":"standard_output"}
{"payload":{"local_timestamp":1738736020458,"message_id":190,"output":"\n","stderr":true},"type":"standard_output"}
{"payload":{"local_timestamp":1738736020458,"message_id":191,"output":"  File \"C:\\Users\\Tanishq\\anaconda3\\ponda\\Lib\\site-packages\\ultralytics\\utils\\patches.py\", line 86, in torch_load\n","stderr":true},"type":"standard_output"}
{"payload":{"local_timestamp":1738736020458,"message_id":192,"output":"    ","stderr":true},"type":"standard_output"}
{"payload":{"local_timestamp":1738736020458,"message_id":193,"output":"return _torch_load(*args, **kwargs)","stderr":true},"type":"standard_output"}
{"payload":{"local_timestamp":1738736020458,"message_id":194,"output":"\n","stderr":true},"type":"standard_output"}
{"payload":{"local_timestamp":1738736020458,"message_id":195,"output":" ","stderr":true},"type":"standard_output"}
{"payload":{"local_timestamp":1738736020458,"message_id":196,"output":" ","stderr":true},"type":"standard_output"}
{"payload":{"local_timestamp":1738736020458,"message_id":197,"output":" ","stderr":true},"type":"standard_output"}
{"payload":{"local_timestamp":1738736020458,"message_id":198,"output":" ","stderr":true},"type":"standard_output"}
{"payload":{"local_timestamp":1738736020458,"message_id":199,"output":" ","stderr":true},"type":"standard_output"}
{"payload":{"local_timestamp":1738736020458,"message_id":200,"output":" ","stderr":true},"type":"standard_output"}
{"payload":{"local_timestamp":1738736020458,"message_id":201,"output":" ","stderr":true},"type":"standard_output"}
{"payload":{"local_timestamp":1738736020458,"message_id":202,"output":" ","stderr":true},"type":"standard_output"}
{"payload":{"local_timestamp":1738736020458,"message_id":203,"output":" ","stderr":true},"type":"standard_output"}
{"payload":{"local_timestamp":1738736020458,"message_id":204,"output":" ","stderr":true},"type":"standard_output"}
{"payload":{"local_timestamp":1738736020458,"message_id":205,"output":" ","stderr":true},"type":"standard_output"}
{"payload":{"local_timestamp":1738736020458,"message_id":206,"output":"^","stderr":true},"type":"standard_output"}
{"payload":{"local_timestamp":1738736020458,"message_id":207,"output":"^","stderr":true},"type":"standard_output"}
{"payload":{"local_timestamp":1738736020458,"message_id":208,"output":"^","stderr":true},"type":"standard_output"}
{"payload":{"local_timestamp":1738736020458,"message_id":209,"output":"^","stderr":true},"type":"standard_output"}
{"payload":{"local_timestamp":1738736020458,"message_id":210,"output":"^","stderr":true},"type":"standard_output"}
{"payload":{"local_timestamp":1738736020458,"message_id":211,"output":"^","stderr":true},"type":"standard_output"}
{"payload":{"local_timestamp":1738736020458,"message_id":212,"output":"^","stderr":true},"type":"standard_output"}
{"payload":{"local_timestamp":1738736020458,"message_id":213,"output":"^","stderr":true},"type":"standard_output"}
{"payload":{"local_timestamp":1738736020458,"message_id":214,"output":"^","stderr":true},"type":"standard_output"}
{"payload":{"local_timestamp":1738736020458,"message_id":215,"output":"^","stderr":true},"type":"standard_output"}
{"payload":{"local_timestamp":1738736020458,"message_id":216,"output":"^","stderr":true},"type":"standard_output"}
{"payload":{"local_timestamp":1738736020458,"message_id":217,"output":"^","stderr":true},"type":"standard_output"}
{"payload":{"local_timestamp":1738736020458,"message_id":218,"output":"^","stderr":true},"type":"standard_output"}
{"payload":{"local_timestamp":1738736020458,"message_id":219,"output":"^","stderr":true},"type":"standard_output"}
{"payload":{"local_timestamp":1738736020458,"message_id":220,"output":"^","stderr":true},"type":"standard_output"}
{"payload":{"local_timestamp":1738736020458,"message_id":221,"output":"^","stderr":true},"type":"standard_output"}
{"payload":{"local_timestamp":1738736020458,"message_id":222,"output":"^","stderr":true},"type":"standard_output"}
{"payload":{"local_timestamp":1738736020458,"message_id":223,"output":"^","stderr":true},"type":"standard_output"}
{"payload":{"local_timestamp":1738736020458,"message_id":224,"output":"^","stderr":true},"type":"standard_output"}
{"payload":{"local_timestamp":1738736020458,"message_id":225,"output":"^","stderr":true},"type":"standard_output"}
{"payload":{"local_timestamp":1738736020458,"message_id":226,"output":"^","stderr":true},"type":"standard_output"}
{"payload":{"local_timestamp":1738736020458,"message_id":227,"output":"^","stderr":true},"type":"standard_output"}
{"payload":{"local_timestamp":1738736020458,"message_id":228,"output":"^","stderr":true},"type":"standard_output"}
{"payload":{"local_timestamp":1738736020458,"message_id":229,"output":"^","stderr":true},"type":"standard_output"}
{"payload":{"local_timestamp":1738736020458,"message_id":230,"output":"^","stderr":true},"type":"standard_output"}
{"payload":{"local_timestamp":1738736020458,"message_id":231,"output":"^","stderr":true},"type":"standard_output"}
{"payload":{"local_timestamp":1738736020458,"message_id":232,"output":"^","stderr":true},"type":"standard_output"}
{"payload":{"local_timestamp":1738736020458,"message_id":233,"output":"^","stderr":true},"type":"standard_output"}
{"payload":{"local_timestamp":1738736020458,"message_id":234,"output":"\n","stderr":true},"type":"standard_output"}
{"payload":{"local_timestamp":1738736020458,"message_id":235,"output":"  File \"C:\\Users\\Tanishq\\anaconda3\\ponda\\Lib\\site-packages\\torch\\serialization.py\", line 1319, in load\n","stderr":true},"type":"standard_output"}
{"payload":{"local_timestamp":1738736020466,"message_id":236,"output":"    ","stderr":true},"type":"standard_output"}
{"payload":{"local_timestamp":1738736020466,"message_id":237,"output":"with _open_file_like(f, \"rb\") as opened_file:","stderr":true},"type":"standard_output"}
{"payload":{"local_timestamp":1738736020466,"message_id":238,"output":"\n","stderr":true},"type":"standard_output"}
{"payload":{"local_timestamp":1738736020466,"message_id":239,"output":" ","stderr":true},"type":"standard_output"}
{"payload":{"local_timestamp":1738736020466,"message_id":240,"output":" ","stderr":true},"type":"standard_output"}
{"payload":{"local_timestamp":1738736020466,"message_id":241,"output":" ","stderr":true},"type":"standard_output"}
{"payload":{"local_timestamp":1738736020466,"message_id":242,"output":" ","stderr":true},"type":"standard_output"}
{"payload":{"local_timestamp":1738736020466,"message_id":243,"output":" ","stderr":true},"type":"standard_output"}
{"payload":{"local_timestamp":1738736020466,"message_id":244,"output":" ","stderr":true},"type":"standard_output"}
{"payload":{"local_timestamp":1738736020466,"message_id":245,"output":" ","stderr":true},"type":"standard_output"}
{"payload":{"local_timestamp":1738736020466,"message_id":246,"output":" ","stderr":true},"type":"standard_output"}
{"payload":{"local_timestamp":1738736020466,"message_id":247,"output":" ","stderr":true},"type":"standard_output"}
{"payload":{"local_timestamp":1738736020466,"message_id":248,"output":"^","stderr":true},"type":"standard_output"}
{"payload":{"local_timestamp":1738736020466,"message_id":249,"output":"^","stderr":true},"type":"standard_output"}
{"payload":{"local_timestamp":1738736020466,"message_id":250,"output":"^","stderr":true},"type":"standard_output"}
{"payload":{"local_timestamp":1738736020466,"message_id":251,"output":"^","stderr":true},"type":"standard_output"}
{"payload":{"local_timestamp":1738736020466,"message_id":252,"output":"^","stderr":true},"type":"standard_output"}
{"payload":{"local_timestamp":1738736020466,"message_id":253,"output":"^","stderr":true},"type":"standard_output"}
{"payload":{"local_timestamp":1738736020466,"message_id":254,"output":"^","stderr":true},"type":"standard_output"}
{"payload":{"local_timestamp":1738736020466,"message_id":255,"output":"^","stderr":true},"type":"standard_output"}
{"payload":{"local_timestamp":1738736020466,"message_id":256,"output":"^","stderr":true},"type":"standard_output"}
{"payload":{"local_timestamp":1738736020466,"message_id":257,"output":"^","stderr":true},"type":"standard_output"}
{"payload":{"local_timestamp":1738736020466,"message_id":258,"output":"^","stderr":true},"type":"standard_output"}
{"payload":{"local_timestamp":1738736020466,"message_id":259,"output":"^","stderr":true},"type":"standard_output"}
{"payload":{"local_timestamp":1738736020466,"message_id":260,"output":"^","stderr":true},"type":"standard_output"}
{"payload":{"local_timestamp":1738736020466,"message_id":261,"output":"^","stderr":true},"type":"standard_output"}
{"payload":{"local_timestamp":1738736020466,"message_id":262,"output":"^","stderr":true},"type":"standard_output"}
{"payload":{"local_timestamp":1738736020466,"message_id":263,"output":"^","stderr":true},"type":"standard_output"}
{"payload":{"local_timestamp":1738736020466,"message_id":264,"output":"^","stderr":true},"type":"standard_output"}
{"payload":{"local_timestamp":1738736020466,"message_id":265,"output":"^","stderr":true},"type":"standard_output"}
{"payload":{"local_timestamp":1738736020466,"message_id":266,"output":"^","stderr":true},"type":"standard_output"}
{"payload":{"local_timestamp":1738736020466,"message_id":267,"output":"^","stderr":true},"type":"standard_output"}
{"payload":{"local_timestamp":1738736020466,"message_id":268,"output":"^","stderr":true},"type":"standard_output"}
{"payload":{"local_timestamp":1738736020466,"message_id":269,"output":"^","stderr":true},"type":"standard_output"}
{"payload":{"local_timestamp":1738736020466,"message_id":270,"output":"^","stderr":true},"type":"standard_output"}
{"payload":{"local_timestamp":1738736020466,"message_id":271,"output":"^","stderr":true},"type":"standard_output"}
{"payload":{"local_timestamp":1738736020466,"message_id":272,"output":"\n","stderr":true},"type":"standard_output"}
{"payload":{"local_timestamp":1738736020466,"message_id":273,"output":"  File \"C:\\Users\\Tanishq\\anaconda3\\ponda\\Lib\\site-packages\\torch\\serialization.py\", line 659, in _open_file_like\n","stderr":true},"type":"standard_output"}
{"payload":{"local_timestamp":1738736020466,"message_id":274,"output":"    ","stderr":true},"type":"standard_output"}
{"payload":{"local_timestamp":1738736020466,"message_id":275,"output":"return _open_file(name_or_buffer, mode)","stderr":true},"type":"standard_output"}
{"payload":{"local_timestamp":1738736020466,"message_id":276,"output":"\n","stderr":true},"type":"standard_output"}
{"payload":{"local_timestamp":1738736020466,"message_id":277,"output":" ","stderr":true},"type":"standard_output"}
{"payload":{"local_timestamp":1738736020466,"message_id":278,"output":" ","stderr":true},"type":"standard_output"}
{"payload":{"local_timestamp":1738736020466,"message_id":279,"output":" ","stderr":true},"type":"standard_output"}
{"payload":{"local_timestamp":1738736020466,"message_id":280,"output":" ","stderr":true},"type":"standard_output"}
{"payload":{"local_timestamp":1738736020466,"message_id":281,"output":" ","stderr":true},"type":"standard_output"}
{"payload":{"local_timestamp":1738736020466,"message_id":282,"output":" ","stderr":true},"type":"standard_output"}
{"payload":{"local_timestamp":1738736020466,"message_id":283,"output":" ","stderr":true},"type":"standard_output"}
{"payload":{"local_timestamp":1738736020466,"message_id":284,"output":" ","stderr":true},"type":"standard_output"}
{"payload":{"local_timestamp":1738736020466,"message_id":285,"output":" ","stderr":true},"type":"standard_output"}
{"payload":{"local_timestamp":1738736020466,"message_id":286,"output":" ","stderr":true},"type":"standard_output"}
{"payload":{"local_timestamp":1738736020466,"message_id":287,"output":" ","stderr":true},"type":"standard_output"}
{"payload":{"local_timestamp":1738736020466,"message_id":288,"output":"^","stderr":true},"type":"standard_output"}
{"payload":{"local_timestamp":1738736020466,"message_id":289,"output":"^","stderr":true},"type":"standard_output"}
{"payload":{"local_timestamp":1738736020466,"message_id":290,"output":"^","stderr":true},"type":"standard_output"}
{"payload":{"local_timestamp":1738736020466,"message_id":291,"output":"^","stderr":true},"type":"standard_output"}
{"payload":{"local_timestamp":1738736020466,"message_id":292,"output":"^","stderr":true},"type":"standard_output"}
{"payload":{"local_timestamp":1738736020466,"message_id":293,"output":"^","stderr":true},"type":"standard_output"}
{"payload":{"local_timestamp":1738736020466,"message_id":294,"output":"^","stderr":true},"type":"standard_output"}
{"payload":{"local_timestamp":1738736020466,"message_id":295,"output":"^","stderr":true},"type":"standard_output"}
{"payload":{"local_timestamp":1738736020466,"message_id":296,"output":"^","stderr":true},"type":"standard_output"}
{"payload":{"local_timestamp":1738736020466,"message_id":297,"output":"^","stderr":true},"type":"standard_output"}
{"payload":{"local_timestamp":1738736020466,"message_id":298,"output":"^","stderr":true},"type":"standard_output"}
{"payload":{"local_timestamp":1738736020466,"message_id":299,"output":"^","stderr":true},"type":"standard_output"}
{"payload":{"local_timestamp":1738736020466,"message_id":300,"output":"^","stderr":true},"type":"standard_output"}
{"payload":{"local_timestamp":1738736020466,"message_id":301,"output":"^","stderr":true},"type":"standard_output"}
{"payload":{"local_timestamp":1738736020466,"message_id":302,"output":"^","stderr":true},"type":"standard_output"}
{"payload":{"local_timestamp":1738736020466,"message_id":303,"output":"^","stderr":true},"type":"standard_output"}
{"payload":{"local_timestamp":1738736020466,"message_id":304,"output":"^","stderr":true},"type":"standard_output"}
{"payload":{"local_timestamp":1738736020466,"message_id":305,"output":"^","stderr":true},"type":"standard_output"}
{"payload":{"local_timestamp":1738736020466,"message_id":306,"output":"^","stderr":true},"type":"standard_output"}
{"payload":{"local_timestamp":1738736020466,"message_id":307,"output":"^","stderr":true},"type":"standard_output"}
{"payload":{"local_timestamp":1738736020466,"message_id":308,"output":"^","stderr":true},"type":"standard_output"}
{"payload":{"local_timestamp":1738736020466,"message_id":309,"output":"^","stderr":true},"type":"standard_output"}
{"payload":{"local_timestamp":1738736020466,"message_id":310,"output":"^","stderr":true},"type":"standard_output"}
{"payload":{"local_timestamp":1738736020466,"message_id":311,"output":"^","stderr":true},"type":"standard_output"}
{"payload":{"local_timestamp":1738736020466,"message_id":312,"output":"^","stderr":true},"type":"standard_output"}
{"payload":{"local_timestamp":1738736020466,"message_id":313,"output":"^","stderr":true},"type":"standard_output"}
{"payload":{"local_timestamp":1738736020466,"message_id":314,"output":"^","stderr":true},"type":"standard_output"}
{"payload":{"local_timestamp":1738736020466,"message_id":315,"output":"^","stderr":true},"type":"standard_output"}
{"payload":{"local_timestamp":1738736020466,"message_id":316,"output":"^","stderr":true},"type":"standard_output"}
{"payload":{"local_timestamp":1738736020466,"message_id":317,"output":"^","stderr":true},"type":"standard_output"}
{"payload":{"local_timestamp":1738736020466,"message_id":318,"output":"^","stderr":true},"type":"standard_output"}
{"payload":{"local_timestamp":1738736020466,"message_id":319,"output":"^","stderr":true},"type":"standard_output"}
{"payload":{"local_timestamp":1738736020466,"message_id":320,"output":"\n","stderr":true},"type":"standard_output"}
{"payload":{"local_timestamp":1738736020466,"message_id":321,"output":"  File \"C:\\Users\\Tanishq\\anaconda3\\ponda\\Lib\\site-packages\\torch\\serialization.py\", line 640, in __init__\n","stderr":true},"type":"standard_output"}
{"payload":{"local_timestamp":1738736020466,"message_id":322,"output":"    ","stderr":true},"type":"standard_output"}
{"payload":{"local_timestamp":1738736020466,"message_id":323,"output":"super().__init__(open(name, mode))","stderr":true},"type":"standard_output"}
{"payload":{"local_timestamp":1738736020466,"message_id":324,"output":"\n","stderr":true},"type":"standard_output"}
{"payload":{"local_timestamp":1738736020466,"message_id":325,"output":" ","stderr":true},"type":"standard_output"}
{"payload":{"local_timestamp":1738736020466,"message_id":326,"output":" ","stderr":true},"type":"standard_output"}
{"payload":{"local_timestamp":1738736020466,"message_id":327,"output":" ","stderr":true},"type":"standard_output"}
{"payload":{"local_timestamp":1738736020466,"message_id":328,"output":" ","stderr":true},"type":"standard_output"}
{"payload":{"local_timestamp":1738736020466,"message_id":329,"output":" ","stderr":true},"type":"standard_output"}
{"payload":{"local_timestamp":1738736020466,"message_id":330,"output":" ","stderr":true},"type":"standard_output"}
{"payload":{"local_timestamp":1738736020466,"message_id":331,"output":" ","stderr":true},"type":"standard_output"}
{"payload":{"local_timestamp":1738736020466,"message_id":332,"output":" ","stderr":true},"type":"standard_output"}
{"payload":{"local_timestamp":1738736020466,"message_id":333,"output":" ","stderr":true},"type":"standard_output"}
{"payload":{"local_timestamp":1738736020466,"message_id":334,"output":" ","stderr":true},"type":"standard_output"}
{"payload":{"local_timestamp":1738736020466,"message_id":335,"output":" ","stderr":true},"type":"standard_output"}
{"payload":{"local_timestamp":1738736020466,"message_id":336,"output":" ","stderr":true},"type":"standard_output"}
{"payload":{"local_timestamp":1738736020466,"message_id":337,"output":" ","stderr":true},"type":"standard_output"}
{"payload":{"local_timestamp":1738736020466,"message_id":338,"output":" ","stderr":true},"type":"standard_output"}
{"payload":{"local_timestamp":1738736020466,"message_id":339,"output":" ","stderr":true},"type":"standard_output"}
{"payload":{"local_timestamp":1738736020466,"message_id":340,"output":" ","stderr":true},"type":"standard_output"}
{"payload":{"local_timestamp":1738736020466,"message_id":341,"output":" ","stderr":true},"type":"standard_output"}
{"payload":{"local_timestamp":1738736020466,"message_id":342,"output":" ","stderr":true},"type":"standard_output"}
{"payload":{"local_timestamp":1738736020466,"message_id":343,"output":" ","stderr":true},"type":"standard_output"}
{"payload":{"local_timestamp":1738736020466,"message_id":344,"output":" ","stderr":true},"type":"standard_output"}
{"payload":{"local_timestamp":1738736020466,"message_id":345,"output":" ","stderr":true},"type":"standard_output"}
{"payload":{"local_timestamp":1738736020466,"message_id":346,"output":"^","stderr":true},"type":"standard_output"}
{"payload":{"local_timestamp":1738736020466,"message_id":347,"output":"^","stderr":true},"type":"standard_output"}
{"payload":{"local_timestamp":1738736020466,"message_id":348,"output":"^","stderr":true},"type":"standard_output"}
{"payload":{"local_timestamp":1738736020466,"message_id":349,"output":"^","stderr":true},"type":"standard_output"}
{"payload":{"local_timestamp":1738736020466,"message_id":350,"output":"^","stderr":true},"type":"standard_output"}
{"payload":{"local_timestamp":1738736020466,"message_id":351,"output":"^","stderr":true},"type":"standard_output"}
{"payload":{"local_timestamp":1738736020466,"message_id":352,"output":"^","stderr":true},"type":"standard_output"}
{"payload":{"local_timestamp":1738736020466,"message_id":353,"output":"^","stderr":true},"type":"standard_output"}
{"payload":{"local_timestamp":1738736020466,"message_id":354,"output":"^","stderr":true},"type":"standard_output"}
{"payload":{"local_timestamp":1738736020466,"message_id":355,"output":"^","stderr":true},"type":"standard_output"}
{"payload":{"local_timestamp":1738736020466,"message_id":356,"output":"^","stderr":true},"type":"standard_output"}
{"payload":{"local_timestamp":1738736020466,"message_id":357,"output":"^","stderr":true},"type":"standard_output"}
{"payload":{"local_timestamp":1738736020466,"message_id":358,"output":"^","stderr":true},"type":"standard_output"}
{"payload":{"local_timestamp":1738736020466,"message_id":359,"output":"^","stderr":true},"type":"standard_output"}
{"payload":{"local_timestamp":1738736020466,"message_id":360,"output":"^","stderr":true},"type":"standard_output"}
{"payload":{"local_timestamp":1738736020466,"message_id":361,"output":"^","stderr":true},"type":"standard_output"}
{"payload":{"local_timestamp":1738736020466,"message_id":362,"output":"\n","stderr":true},"type":"standard_output"}
{"payload":{"local_timestamp":1738736020466,"message_id":363,"output":"FileNotFoundError","stderr":true},"type":"standard_output"}
{"payload":{"local_timestamp":1738736020466,"message_id":364,"output":": ","stderr":true},"type":"standard_output"}
{"payload":{"local_timestamp":1738736020466,"message_id":365,"output":"[Errno 2] No such file or directory: 'yolov5.pt'","stderr":true},"type":"standard_output"}
{"payload":{"local_timestamp":1738736020474,"message_id":366,"output":"\n","stderr":true},"type":"standard_output"}
{"payload":{"local_timestamp":1738736020474,"message_id":367,"output":"\u001b[1;38;5;39mCOMET INFO:\u001b[0m The process of logging environment details (conda environment, git patch) is underway. Please be patient as this may take some time.\n","stderr":true},"type":"standard_output"}
{"payload":{"local_timestamp":1738736036762,"message_id":368,"output":"\u001b[1;38;5;214mCOMET WARNING:\u001b[0m Error exporting current conda environment\n","stderr":true},"type":"standard_output"}
{"payload":{"local_timestamp":1738736036762,"message_id":369,"output":"\u001b[1;38;5;214mCOMET WARNING:\u001b[0m Command '['conda', 'env', 'export', '--json']' returned non-zero exit status 3221225786.\n{\r\n  \"caused_by\": \"None\",\r\n  \"error\": \"CondaError: KeyboardInterrupt\",\r\n  \"exception_name\": \"CondaError\",\r\n  \"exception_type\": \"<class 'conda.CondaError'>\",\r\n  \"message\": \"KeyboardInterrupt\"\r\n}\r\n\r\n\n\n","stderr":true},"type":"standard_output"}
{"payload":{"local_timestamp":1738736040237,"message_id":370,"output":"\u001b[1;38;5;214mCOMET WARNING:\u001b[0m Error retrieving Conda package as an explicit file\n","stderr":true},"type":"standard_output"}
{"payload":{"local_timestamp":1738736040237,"message_id":371,"output":"\u001b[1;38;5;214mCOMET WARNING:\u001b[0m Command '['conda', 'list', '--explicit', '--md5']' returned non-zero exit status 1.\n# This file may be used to create an environment using:\r\n# $ conda create --name <env> --file <this file>\r\n# platform: win-64\r\n# created-by: conda 24.11.0\r\n@EXPLICIT\r\n\n\r\nCondaError: KeyboardInterrupt\r\n\r\n\n","stderr":true},"type":"standard_output"}
{"payload":{"additional_params":{"assetId":"f551fb3d748b41669da48cb0c726b2a2","context":null,"epoch":null,"extension":"yml","fileName":"conda-info.yml","overwrite":false,"runId":null,"step":null,"type":"conda-info"},"clean":true,"file_path":"tmph6cogfjl","local_timestamp":1738736043530,"message_id":372,"metadata":{},"upload_type":"conda-info"},"type":"file_upload"}
{"payload":{"local_timestamp":1738736043530,"message_id":373,"output":"\u001b[1;38;5;214mCOMET WARNING:\u001b[0m Experiment was interrupted by user while waiting for the initial data logger to be flushed.\n","stderr":true},"type":"standard_output"}
{"payload":{"local_timestamp":1738736043530,"message_id":374,"output":"\u001b[1;38;5;214mCOMET WARNING:\u001b[0m Failed to complete logging of all environment details (conda environment, git patch)\n","stderr":true},"type":"standard_output"}
{"payload":{"local_timestamp":1738736043532,"message_id":375,"output":"\u001b[1;38;5;39mCOMET INFO:\u001b[0m ---------------------------------------------------------------------------------------\n","stderr":true},"type":"standard_output"}
{"payload":{"local_timestamp":1738736043532,"message_id":376,"output":"\u001b[1;38;5;39mCOMET INFO:\u001b[0m Comet.ml OfflineExperiment Summary\n","stderr":true},"type":"standard_output"}
{"payload":{"local_timestamp":1738736043532,"message_id":377,"output":"\u001b[1;38;5;39mCOMET INFO:\u001b[0m ---------------------------------------------------------------------------------------\n","stderr":true},"type":"standard_output"}
{"payload":{"local_timestamp":1738736043533,"message_id":378,"output":"\u001b[1;38;5;39mCOMET INFO:\u001b[0m   Data:\n","stderr":true},"type":"standard_output"}
{"payload":{"local_timestamp":1738736043533,"message_id":379,"output":"\u001b[1;38;5;39mCOMET INFO:\u001b[0m     display_summary_level : 1\n","stderr":true},"type":"standard_output"}
{"payload":{"local_timestamp":1738736043533,"message_id":380,"output":"\u001b[1;38;5;39mCOMET INFO:\u001b[0m     name                  : exp\n","stderr":true},"type":"standard_output"}
{"payload":{"local_timestamp":1738736043533,"message_id":381,"output":"\u001b[1;38;5;39mCOMET INFO:\u001b[0m     url                   : [OfflineExperiment will get URL after upload]\n","stderr":true},"type":"standard_output"}
{"payload":{"local_timestamp":1738736043535,"message_id":382,"output":"\u001b[1;38;5;39mCOMET INFO:\u001b[0m   Others:\n","stderr":true},"type":"standard_output"}
{"payload":{"local_timestamp":1738736043535,"message_id":383,"output":"\u001b[1;38;5;39mCOMET INFO:\u001b[0m     Created from                : YOLOv5\n","stderr":true},"type":"standard_output"}
{"payload":{"local_timestamp":1738736043535,"message_id":384,"output":"\u001b[1;38;5;39mCOMET INFO:\u001b[0m     Name                        : exp\n","stderr":true},"type":"standard_output"}
{"payload":{"local_timestamp":1738736043540,"message_id":385,"output":"\u001b[1;38;5;39mCOMET INFO:\u001b[0m     comet_log_batch_metrics     : False\n","stderr":true},"type":"standard_output"}
{"payload":{"local_timestamp":1738736043541,"message_id":386,"output":"\u001b[1;38;5;39mCOMET INFO:\u001b[0m     comet_log_confusion_matrix  : True\n","stderr":true},"type":"standard_output"}
{"payload":{"local_timestamp":1738736043546,"message_id":387,"output":"\u001b[1;38;5;39mCOMET INFO:\u001b[0m     comet_log_per_class_metrics : False\n","stderr":true},"type":"standard_output"}
{"payload":{"local_timestamp":1738736043547,"message_id":388,"output":"\u001b[1;38;5;39mCOMET INFO:\u001b[0m     comet_max_image_uploads     : 100\n","stderr":true},"type":"standard_output"}
{"payload":{"local_timestamp":1738736043550,"message_id":389,"output":"\u001b[1;38;5;39mCOMET INFO:\u001b[0m     comet_mode                  : online\n","stderr":true},"type":"standard_output"}
{"payload":{"local_timestamp":1738736043554,"message_id":390,"output":"\u001b[1;38;5;39mCOMET INFO:\u001b[0m     comet_model_name            : yolov5\n","stderr":true},"type":"standard_output"}
{"payload":{"local_timestamp":1738736043556,"message_id":391,"output":"\u001b[1;38;5;39mCOMET INFO:\u001b[0m     hasNestedParams             : True\n","stderr":true},"type":"standard_output"}
{"payload":{"local_timestamp":1738736043557,"message_id":392,"output":"\u001b[1;38;5;39mCOMET INFO:\u001b[0m     offline_experiment          : True\n","stderr":true},"type":"standard_output"}
{"payload":{"local_timestamp":1738736043557,"message_id":393,"output":"\u001b[1;38;5;39mCOMET INFO:\u001b[0m   Parameters:\n","stderr":true},"type":"standard_output"}
{"payload":{"local_timestamp":1738736043559,"message_id":394,"output":"\u001b[1;38;5;39mCOMET INFO:\u001b[0m     anchor_t            : 4.0\n","stderr":true},"type":"standard_output"}
{"payload":{"local_timestamp":1738736043559,"message_id":395,"output":"\u001b[1;38;5;39mCOMET INFO:\u001b[0m     artifact_alias      : latest\n","stderr":true},"type":"standard_output"}
{"payload":{"local_timestamp":1738736043559,"message_id":396,"output":"\u001b[1;38;5;39mCOMET INFO:\u001b[0m     batch_size          : 16\n","stderr":true},"type":"standard_output"}
{"payload":{"local_timestamp":1738736043560,"message_id":397,"output":"\u001b[1;38;5;39mCOMET INFO:\u001b[0m     bbox_interval       : -1\n","stderr":true},"type":"standard_output"}
{"payload":{"local_timestamp":1738736043560,"message_id":398,"output":"\u001b[1;38;5;39mCOMET INFO:\u001b[0m     box                 : 0.05\n","stderr":true},"type":"standard_output"}
{"payload":{"local_timestamp":1738736043561,"message_id":399,"output":"\u001b[1;38;5;39mCOMET INFO:\u001b[0m     bucket              : \n","stderr":true},"type":"standard_output"}
{"payload":{"local_timestamp":1738736043561,"message_id":400,"output":"\u001b[1;38;5;39mCOMET INFO:\u001b[0m     cache               : None\n","stderr":true},"type":"standard_output"}
{"payload":{"local_timestamp":1738736043562,"message_id":401,"output":"\u001b[1;38;5;39mCOMET INFO:\u001b[0m     cfg                 : \n","stderr":true},"type":"standard_output"}
{"payload":{"local_timestamp":1738736043562,"message_id":402,"output":"\u001b[1;38;5;39mCOMET INFO:\u001b[0m     cls                 : 0.5\n","stderr":true},"type":"standard_output"}
{"payload":{"local_timestamp":1738736043563,"message_id":403,"output":"\u001b[1;38;5;39mCOMET INFO:\u001b[0m     cls_pw              : 1.0\n","stderr":true},"type":"standard_output"}
{"payload":{"local_timestamp":1738736043563,"message_id":404,"output":"\u001b[1;38;5;39mCOMET INFO:\u001b[0m     copy_paste          : 0.0\n","stderr":true},"type":"standard_output"}
{"payload":{"local_timestamp":1738736043563,"message_id":405,"output":"\u001b[1;38;5;39mCOMET INFO:\u001b[0m     cos_lr              : False\n","stderr":true},"type":"standard_output"}
{"payload":{"local_timestamp":1738736043563,"message_id":406,"output":"\u001b[1;38;5;39mCOMET INFO:\u001b[0m     degrees             : 0.0\n","stderr":true},"type":"standard_output"}
{"payload":{"local_timestamp":1738736043563,"message_id":407,"output":"\u001b[1;38;5;39mCOMET INFO:\u001b[0m     device              : \n","stderr":true},"type":"standard_output"}
{"payload":{"local_timestamp":1738736043563,"message_id":408,"output":"\u001b[1;38;5;39mCOMET INFO:\u001b[0m     entity              : None\n","stderr":true},"type":"standard_output"}
{"payload":{"local_timestamp":1738736043563,"message_id":409,"output":"\u001b[1;38;5;39mCOMET INFO:\u001b[0m     evolve              : None\n","stderr":true},"type":"standard_output"}
{"payload":{"local_timestamp":1738736043566,"message_id":410,"output":"\u001b[1;38;5;39mCOMET INFO:\u001b[0m     evolve_population   : data\\hyps\n","stderr":true},"type":"standard_output"}
{"payload":{"local_timestamp":1738736043566,"message_id":411,"output":"\u001b[1;38;5;39mCOMET INFO:\u001b[0m     exist_ok            : False\n","stderr":true},"type":"standard_output"}
{"payload":{"local_timestamp":1738736043568,"message_id":412,"output":"\u001b[1;38;5;39mCOMET INFO:\u001b[0m     fl_gamma            : 0.0\n","stderr":true},"type":"standard_output"}
{"payload":{"local_timestamp":1738736043568,"message_id":413,"output":"\u001b[1;38;5;39mCOMET INFO:\u001b[0m     fliplr              : 0.5\n","stderr":true},"type":"standard_output"}
{"payload":{"local_timestamp":1738736043569,"message_id":414,"output":"\u001b[1;38;5;39mCOMET INFO:\u001b[0m     flipud              : 0.0\n","stderr":true},"type":"standard_output"}
{"payload":{"local_timestamp":1738736043570,"message_id":415,"output":"\u001b[1;38;5;39mCOMET INFO:\u001b[0m     freeze              : [0]\n","stderr":true},"type":"standard_output"}
{"payload":{"local_timestamp":1738736043570,"message_id":416,"output":"\u001b[1;38;5;39mCOMET INFO:\u001b[0m     hsv_h               : 0.015\n","stderr":true},"type":"standard_output"}
{"payload":{"local_timestamp":1738736043570,"message_id":417,"output":"\u001b[1;38;5;39mCOMET INFO:\u001b[0m     hsv_s               : 0.7\n","stderr":true},"type":"standard_output"}
{"payload":{"local_timestamp":1738736043570,"message_id":418,"output":"\u001b[1;38;5;39mCOMET INFO:\u001b[0m     hsv_v               : 0.4\n","stderr":true},"type":"standard_output"}
{"payload":{"local_timestamp":1738736043570,"message_id":419,"output":"\u001b[1;38;5;39mCOMET INFO:\u001b[0m     hyp|anchor_t        : 4.0\n","stderr":true},"type":"standard_output"}
{"payload":{"local_timestamp":1738736043570,"message_id":420,"output":"\u001b[1;38;5;39mCOMET INFO:\u001b[0m     hyp|box             : 0.05\n","stderr":true},"type":"standard_output"}
{"payload":{"local_timestamp":1738736043570,"message_id":421,"output":"\u001b[1;38;5;39mCOMET INFO:\u001b[0m     hyp|cls             : 0.5\n","stderr":true},"type":"standard_output"}
{"payload":{"local_timestamp":1738736043573,"message_id":422,"output":"\u001b[1;38;5;39mCOMET INFO:\u001b[0m     hyp|cls_pw          : 1.0\n","stderr":true},"type":"standard_output"}
{"payload":{"local_timestamp":1738736043573,"message_id":423,"output":"\u001b[1;38;5;39mCOMET INFO:\u001b[0m     hyp|copy_paste      : 0.0\n","stderr":true},"type":"standard_output"}
{"payload":{"local_timestamp":1738736043573,"message_id":424,"output":"\u001b[1;38;5;39mCOMET INFO:\u001b[0m     hyp|degrees         : 0.0\n","stderr":true},"type":"standard_output"}
{"payload":{"local_timestamp":1738736043573,"message_id":425,"output":"\u001b[1;38;5;39mCOMET INFO:\u001b[0m     hyp|fl_gamma        : 0.0\n","stderr":true},"type":"standard_output"}
{"payload":{"local_timestamp":1738736043573,"message_id":426,"output":"\u001b[1;38;5;39mCOMET INFO:\u001b[0m     hyp|fliplr          : 0.5\n","stderr":true},"type":"standard_output"}
{"payload":{"local_timestamp":1738736043573,"message_id":427,"output":"\u001b[1;38;5;39mCOMET INFO:\u001b[0m     hyp|flipud          : 0.0\n","stderr":true},"type":"standard_output"}
{"payload":{"local_timestamp":1738736043575,"message_id":428,"output":"\u001b[1;38;5;39mCOMET INFO:\u001b[0m     hyp|hsv_h           : 0.015\n","stderr":true},"type":"standard_output"}
{"payload":{"local_timestamp":1738736043576,"message_id":429,"output":"\u001b[1;38;5;39mCOMET INFO:\u001b[0m     hyp|hsv_s           : 0.7\n","stderr":true},"type":"standard_output"}
{"payload":{"local_timestamp":1738736043576,"message_id":430,"output":"\u001b[1;38;5;39mCOMET INFO:\u001b[0m     hyp|hsv_v           : 0.4\n","stderr":true},"type":"standard_output"}
{"payload":{"local_timestamp":1738736043576,"message_id":431,"output":"\u001b[1;38;5;39mCOMET INFO:\u001b[0m     hyp|iou_t           : 0.2\n","stderr":true},"type":"standard_output"}
{"payload":{"local_timestamp":1738736043576,"message_id":432,"output":"\u001b[1;38;5;39mCOMET INFO:\u001b[0m     hyp|lr0             : 0.01\n","stderr":true},"type":"standard_output"}
{"payload":{"local_timestamp":1738736043578,"message_id":433,"output":"\u001b[1;38;5;39mCOMET INFO:\u001b[0m     hyp|lrf             : 0.01\n","stderr":true},"type":"standard_output"}
{"payload":{"local_timestamp":1738736043578,"message_id":434,"output":"\u001b[1;38;5;39mCOMET INFO:\u001b[0m     hyp|mixup           : 0.0\n","stderr":true},"type":"standard_output"}
{"payload":{"local_timestamp":1738736043578,"message_id":435,"output":"\u001b[1;38;5;39mCOMET INFO:\u001b[0m     hyp|momentum        : 0.937\n","stderr":true},"type":"standard_output"}
{"payload":{"local_timestamp":1738736043578,"message_id":436,"output":"\u001b[1;38;5;39mCOMET INFO:\u001b[0m     hyp|mosaic          : 1.0\n","stderr":true},"type":"standard_output"}
{"payload":{"local_timestamp":1738736043578,"message_id":437,"output":"\u001b[1;38;5;39mCOMET INFO:\u001b[0m     hyp|obj             : 1.0\n","stderr":true},"type":"standard_output"}
{"payload":{"local_timestamp":1738736043578,"message_id":438,"output":"\u001b[1;38;5;39mCOMET INFO:\u001b[0m     hyp|obj_pw          : 1.0\n","stderr":true},"type":"standard_output"}
{"payload":{"local_timestamp":1738736043578,"message_id":439,"output":"\u001b[1;38;5;39mCOMET INFO:\u001b[0m     hyp|perspective     : 0.0\n","stderr":true},"type":"standard_output"}
{"payload":{"local_timestamp":1738736043578,"message_id":440,"output":"\u001b[1;38;5;39mCOMET INFO:\u001b[0m     hyp|scale           : 0.5\n","stderr":true},"type":"standard_output"}
{"payload":{"local_timestamp":1738736043578,"message_id":441,"output":"\u001b[1;38;5;39mCOMET INFO:\u001b[0m     hyp|shear           : 0.0\n","stderr":true},"type":"standard_output"}
{"payload":{"local_timestamp":1738736043578,"message_id":442,"output":"\u001b[1;38;5;39mCOMET INFO:\u001b[0m     hyp|translate       : 0.1\n","stderr":true},"type":"standard_output"}
{"payload":{"local_timestamp":1738736043578,"message_id":443,"output":"\u001b[1;38;5;39mCOMET INFO:\u001b[0m     hyp|warmup_bias_lr  : 0.1\n","stderr":true},"type":"standard_output"}
{"payload":{"local_timestamp":1738736043583,"message_id":444,"output":"\u001b[1;38;5;39mCOMET INFO:\u001b[0m     hyp|warmup_epochs   : 3.0\n","stderr":true},"type":"standard_output"}
{"payload":{"local_timestamp":1738736043583,"message_id":445,"output":"\u001b[1;38;5;39mCOMET INFO:\u001b[0m     hyp|warmup_momentum : 0.8\n","stderr":true},"type":"standard_output"}
{"payload":{"local_timestamp":1738736043584,"message_id":446,"output":"\u001b[1;38;5;39mCOMET INFO:\u001b[0m     hyp|weight_decay    : 0.0005\n","stderr":true},"type":"standard_output"}
{"payload":{"local_timestamp":1738736043584,"message_id":447,"output":"\u001b[1;38;5;39mCOMET INFO:\u001b[0m     image_weights       : False\n","stderr":true},"type":"standard_output"}
{"payload":{"local_timestamp":1738736043584,"message_id":448,"output":"\u001b[1;38;5;39mCOMET INFO:\u001b[0m     imgsz               : 640\n","stderr":true},"type":"standard_output"}
{"payload":{"local_timestamp":1738736043584,"message_id":449,"output":"\u001b[1;38;5;39mCOMET INFO:\u001b[0m     iou_t               : 0.2\n","stderr":true},"type":"standard_output"}
{"payload":{"local_timestamp":1738736043584,"message_id":450,"output":"\u001b[1;38;5;39mCOMET INFO:\u001b[0m     label_smoothing     : 0.0\n","stderr":true},"type":"standard_output"}
{"payload":{"local_timestamp":1738736043584,"message_id":451,"output":"\u001b[1;38;5;39mCOMET INFO:\u001b[0m     local_rank          : -1\n","stderr":true},"type":"standard_output"}
{"payload":{"local_timestamp":1738736043584,"message_id":452,"output":"\u001b[1;38;5;39mCOMET INFO:\u001b[0m     lr0                 : 0.01\n","stderr":true},"type":"standard_output"}
{"payload":{"local_timestamp":1738736043584,"message_id":453,"output":"\u001b[1;38;5;39mCOMET INFO:\u001b[0m     lrf                 : 0.01\n","stderr":true},"type":"standard_output"}
{"payload":{"local_timestamp":1738736043584,"message_id":454,"output":"\u001b[1;38;5;39mCOMET INFO:\u001b[0m     mixup               : 0.0\n","stderr":true},"type":"standard_output"}
{"payload":{"local_timestamp":1738736043584,"message_id":455,"output":"\u001b[1;38;5;39mCOMET INFO:\u001b[0m     momentum            : 0.937\n","stderr":true},"type":"standard_output"}
{"payload":{"local_timestamp":1738736043584,"message_id":456,"output":"\u001b[1;38;5;39mCOMET INFO:\u001b[0m     mosaic              : 1.0\n","stderr":true},"type":"standard_output"}
{"payload":{"local_timestamp":1738736043584,"message_id":457,"output":"\u001b[1;38;5;39mCOMET INFO:\u001b[0m     multi_scale         : False\n","stderr":true},"type":"standard_output"}
{"payload":{"local_timestamp":1738736043584,"message_id":458,"output":"\u001b[1;38;5;39mCOMET INFO:\u001b[0m     name                : exp\n","stderr":true},"type":"standard_output"}
{"payload":{"local_timestamp":1738736043592,"message_id":459,"output":"\u001b[1;38;5;39mCOMET INFO:\u001b[0m     ndjson_console      : False\n","stderr":true},"type":"standard_output"}
{"payload":{"local_timestamp":1738736043592,"message_id":460,"output":"\u001b[1;38;5;39mCOMET INFO:\u001b[0m     ndjson_file         : False\n","stderr":true},"type":"standard_output"}
{"payload":{"local_timestamp":1738736043592,"message_id":461,"output":"\u001b[1;38;5;39mCOMET INFO:\u001b[0m     noautoanchor        : False\n","stderr":true},"type":"standard_output"}
{"payload":{"local_timestamp":1738736043592,"message_id":462,"output":"\u001b[1;38;5;39mCOMET INFO:\u001b[0m     noplots             : False\n","stderr":true},"type":"standard_output"}
{"payload":{"local_timestamp":1738736043592,"message_id":463,"output":"\u001b[1;38;5;39mCOMET INFO:\u001b[0m     nosave              : False\n","stderr":true},"type":"standard_output"}
{"payload":{"local_timestamp":1738736043592,"message_id":464,"output":"\u001b[1;38;5;39mCOMET INFO:\u001b[0m     noval               : False\n","stderr":true},"type":"standard_output"}
{"payload":{"local_timestamp":1738736043592,"message_id":465,"output":"\u001b[1;38;5;39mCOMET INFO:\u001b[0m     obj                 : 1.0\n","stderr":true},"type":"standard_output"}
{"payload":{"local_timestamp":1738736043592,"message_id":466,"output":"\u001b[1;38;5;39mCOMET INFO:\u001b[0m     obj_pw              : 1.0\n","stderr":true},"type":"standard_output"}
{"payload":{"local_timestamp":1738736043592,"message_id":467,"output":"\u001b[1;38;5;39mCOMET INFO:\u001b[0m     optimizer           : SGD\n","stderr":true},"type":"standard_output"}
{"payload":{"local_timestamp":1738736043592,"message_id":468,"output":"\u001b[1;38;5;39mCOMET INFO:\u001b[0m     patience            : 100\n","stderr":true},"type":"standard_output"}
{"payload":{"local_timestamp":1738736043592,"message_id":469,"output":"\u001b[1;38;5;39mCOMET INFO:\u001b[0m     perspective         : 0.0\n","stderr":true},"type":"standard_output"}
{"payload":{"local_timestamp":1738736043592,"message_id":470,"output":"\u001b[1;38;5;39mCOMET INFO:\u001b[0m     project             : runs\\train\n","stderr":true},"type":"standard_output"}
{"payload":{"local_timestamp":1738736043592,"message_id":471,"output":"\u001b[1;38;5;39mCOMET INFO:\u001b[0m     quad                : False\n","stderr":true},"type":"standard_output"}
{"payload":{"local_timestamp":1738736043592,"message_id":472,"output":"\u001b[1;38;5;39mCOMET INFO:\u001b[0m     rect                : False\n","stderr":true},"type":"standard_output"}
{"payload":{"local_timestamp":1738736043592,"message_id":473,"output":"\u001b[1;38;5;39mCOMET INFO:\u001b[0m     resume              : False\n","stderr":true},"type":"standard_output"}
{"payload":{"local_timestamp":1738736043600,"message_id":474,"output":"\u001b[1;38;5;39mCOMET INFO:\u001b[0m     resume_evolve       : None\n","stderr":true},"type":"standard_output"}
{"payload":{"local_timestamp":1738736043600,"message_id":475,"output":"\u001b[1;38;5;39mCOMET INFO:\u001b[0m     save_dir            : runs\\train\\exp4\n","stderr":true},"type":"standard_output"}
{"payload":{"local_timestamp":1738736043600,"message_id":476,"output":"\u001b[1;38;5;39mCOMET INFO:\u001b[0m     save_period         : -1\n","stderr":true},"type":"standard_output"}
{"payload":{"local_timestamp":1738736043600,"message_id":477,"output":"\u001b[1;38;5;39mCOMET INFO:\u001b[0m     scale               : 0.5\n","stderr":true},"type":"standard_output"}
{"payload":{"local_timestamp":1738736043600,"message_id":478,"output":"\u001b[1;38;5;39mCOMET INFO:\u001b[0m     seed                : 0\n","stderr":true},"type":"standard_output"}
{"payload":{"local_timestamp":1738736043600,"message_id":479,"output":"\u001b[1;38;5;39mCOMET INFO:\u001b[0m     shear               : 0.0\n","stderr":true},"type":"standard_output"}
{"payload":{"local_timestamp":1738736043600,"message_id":480,"output":"\u001b[1;38;5;39mCOMET INFO:\u001b[0m     single_cls          : False\n","stderr":true},"type":"standard_output"}
{"payload":{"local_timestamp":1738736043600,"message_id":481,"output":"\u001b[1;38;5;39mCOMET INFO:\u001b[0m     sync_bn             : False\n","stderr":true},"type":"standard_output"}
{"payload":{"local_timestamp":1738736043600,"message_id":482,"output":"\u001b[1;38;5;39mCOMET INFO:\u001b[0m     translate           : 0.1\n","stderr":true},"type":"standard_output"}
{"payload":{"local_timestamp":1738736043600,"message_id":483,"output":"\u001b[1;38;5;39mCOMET INFO:\u001b[0m     upload_dataset      : False\n","stderr":true},"type":"standard_output"}
{"payload":{"local_timestamp":1738736043600,"message_id":484,"output":"\u001b[1;38;5;39mCOMET INFO:\u001b[0m     val_conf_threshold  : 0.001\n","stderr":true},"type":"standard_output"}
{"payload":{"local_timestamp":1738736043600,"message_id":485,"output":"\u001b[1;38;5;39mCOMET INFO:\u001b[0m     val_iou_threshold   : 0.6\n","stderr":true},"type":"standard_output"}
{"payload":{"local_timestamp":1738736043600,"message_id":486,"output":"\u001b[1;38;5;39mCOMET INFO:\u001b[0m     warmup_bias_lr      : 0.1\n","stderr":true},"type":"standard_output"}
{"payload":{"local_timestamp":1738736043600,"message_id":487,"output":"\u001b[1;38;5;39mCOMET INFO:\u001b[0m     warmup_epochs       : 3.0\n","stderr":true},"type":"standard_output"}
{"payload":{"local_timestamp":1738736043600,"message_id":488,"output":"\u001b[1;38;5;39mCOMET INFO:\u001b[0m     warmup_momentum     : 0.8\n","stderr":true},"type":"standard_output"}
{"payload":{"local_timestamp":1738736043608,"message_id":489,"output":"\u001b[1;38;5;39mCOMET INFO:\u001b[0m     weight_decay        : 0.0005\n","stderr":true},"type":"standard_output"}
{"payload":{"local_timestamp":1738736043608,"message_id":490,"output":"\u001b[1;38;5;39mCOMET INFO:\u001b[0m     workers             : 8\n","stderr":true},"type":"standard_output"}
{"payload":{"local_timestamp":1738736043608,"message_id":491,"output":"\u001b[1;38;5;39mCOMET INFO:\u001b[0m   Uploads:\n","stderr":true},"type":"standard_output"}
{"payload":{"local_timestamp":1738736043608,"message_id":492,"output":"\u001b[1;38;5;39mCOMET INFO:\u001b[0m     asset               : 3 (1.49 KB)\n","stderr":true},"type":"standard_output"}
{"payload":{"local_timestamp":1738736043608,"message_id":493,"output":"\u001b[1;38;5;39mCOMET INFO:\u001b[0m     conda-info          : 1\n","stderr":true},"type":"standard_output"}
{"payload":{"local_timestamp":1738736043608,"message_id":494,"output":"\u001b[1;38;5;39mCOMET INFO:\u001b[0m     environment details : 1\n","stderr":true},"type":"standard_output"}
{"payload":{"local_timestamp":1738736043608,"message_id":495,"output":"\u001b[1;38;5;39mCOMET INFO:\u001b[0m     git metadata        : 1\n","stderr":true},"type":"standard_output"}
{"payload":{"local_timestamp":1738736043608,"message_id":496,"output":"\u001b[1;38;5;39mCOMET INFO:\u001b[0m \n","stderr":true},"type":"standard_output"}
