{"offline_id": "41d512d846c649cca89b74c288c160b2", "project_name": "yolov5", "start_time": 1738736084342, "stop_time": 1738736135140, "tags": [], "workspace": null, "resume_strategy": "create", "customer_error_reported": true, "customer_error_message": "Unexpected error detected in the user script: AssertionError('\\x1b[34m\\x1b[1mtrain: \\x1b[0mNo labels found in C:\\\\Users\\\\Tanishq\\\\Desktop\\\\Work\\\\computer_vision\\\\hard-hat-detection\\\\Train.cache, can not start training. See https://docs.ultralytics.com/yolov5/tutorials/train_custom_data')", "user_provided_experiment_key": false, "comet_start_sourced": false}