{"payload":{"local_timestamp":1738690241726,"message_id":1,"output":"\u001b[1;38;5;214mCOMET WARNING:\u001b[0m Failing to collect the installed pip packages\n","stderr":true},"type":"standard_output"}
{"payload":{"command":["train.py","--weights","yolov5s.pt","--data","C:\\Users\\Tanishq\\Desktop\\Work\\computer_vision\\yolov5\\data\\Hardhat.yaml","--epochs","5","--batch-size","16"],"env":null,"hostname":"LAPTOP-FB90UVOA","ip":"192.168.29.99","machine":"AMD64","message_id":2,"os":"Windows-11-10.0.22631-SP0","os_release":"11","os_type":"Windows","pid":21420,"processor":"Intel64 Family 6 Model 154 Stepping 4, GenuineIntel","python_exe":"C:\\Users\\Tanishq\\anaconda3\\ponda\\python.exe","python_version":"3.12.3","python_version_verbose":"3.12.3 | packaged by conda-forge | (main, Apr 15 2024, 18:20:11) [MSC v.1938 64 bit (AMD64)]","user":"Tanishq"},"type":"system_details"}
{"payload":{"local_timestamp":1738690242171,"message_id":3,"param":{"paramName":"weights","paramValue":"yolov5s.pt","source":"cli","step":null}},"type":"parameter_msg"}
{"payload":{"local_timestamp":1738690242171,"message_id":4,"param":{"paramName":"data","paramValue":"C:\\Users\\Tanishq\\Desktop\\Work\\computer_vision\\yolov5\\data\\Hardhat.yaml","source":"cli","step":null}},"type":"parameter_msg"}
{"payload":{"local_timestamp":1738690242171,"message_id":5,"param":{"paramName":"epochs","paramValue":5,"source":"cli","step":null}},"type":"parameter_msg"}
{"payload":{"local_timestamp":1738690242171,"message_id":6,"param":{"paramName":"batch-size","paramValue":16,"source":"cli","step":null}},"type":"parameter_msg"}
{"payload":{"local_timestamp":1738690242171,"message_id":7,"metric":{"epoch":null,"metricName":"sys.cpu.percent.avg","metricValue":0.0,"step":null}},"type":"metric_msg"}
{"payload":{"local_timestamp":1738690242171,"message_id":8,"metric":{"epoch":null,"metricName":"sys.ram.total","metricValue":16890978304,"step":null}},"type":"metric_msg"}
{"payload":{"local_timestamp":1738690242171,"message_id":9,"metric":{"epoch":null,"metricName":"sys.ram.used","metricValue":10781224960,"step":null}},"type":"metric_msg"}
{"payload":{"local_timestamp":1738690242171,"message_id":10,"metric":{"epoch":null,"metricName":"sys.ram.available","metricValue":6109753344,"step":null}},"type":"metric_msg"}
{"payload":{"local_timestamp":1738690242171,"message_id":11,"metric":{"epoch":null,"metricName":"sys.ram.percent.used","metricValue":63.8,"step":null}},"type":"metric_msg"}
{"payload":{"local_timestamp":1738690242171,"message_id":12,"metric":{"epoch":null,"metricName":"sys.load.avg","metricValue":0.0,"step":null}},"type":"metric_msg"}
{"payload":{"key":"offline_experiment","message_id":13,"value":true},"type":"log_other"}
{"payload":{"key":"Name","message_id":14,"value":"exp"},"type":"log_other"}
{"payload":{"additional_params":{"assetId":"ac88e9adad4c4bd0a02171c6e945cd2c","context":null,"extension":"yaml","fileName":"Hardhat.yaml","overwrite":false,"runId":null,"step":null},"clean":true,"file_path":"tmp_0inyrn2","local_timestamp":1738690242179,"message_id":15,"metadata":{"type":"data-config-file"},"upload_type":"asset"},"type":"file_upload"}
{"payload":{"local_timestamp":1738690242187,"message_id":16,"output":"Traceback (most recent call last):\n","stderr":true},"type":"standard_output"}
{"payload":{"local_timestamp":1738690242187,"message_id":17,"output":"  File \"C:\\Users\\Tanishq\\Desktop\\Work\\computer_vision\\yolov5\\train.py\", line 986, in <module>\n","stderr":true},"type":"standard_output"}
{"payload":{"local_timestamp":1738690242194,"message_id":18,"output":"    ","stderr":true},"type":"standard_output"}
{"payload":{"local_timestamp":1738690242194,"message_id":19,"output":"main(opt)","stderr":true},"type":"standard_output"}
{"payload":{"local_timestamp":1738690242194,"message_id":20,"output":"\n","stderr":true},"type":"standard_output"}
{"payload":{"local_timestamp":1738690242194,"message_id":21,"output":"  File \"C:\\Users\\Tanishq\\Desktop\\Work\\computer_vision\\yolov5\\train.py\", line 688, in main\n","stderr":true},"type":"standard_output"}
{"payload":{"local_timestamp":1738690242196,"message_id":22,"output":"    ","stderr":true},"type":"standard_output"}
{"payload":{"local_timestamp":1738690242196,"message_id":23,"output":"train(opt.hyp, opt, device, callbacks)","stderr":true},"type":"standard_output"}
{"payload":{"local_timestamp":1738690242196,"message_id":24,"output":"\n","stderr":true},"type":"standard_output"}
{"payload":{"local_timestamp":1738690242196,"message_id":25,"output":"  File \"C:\\Users\\Tanishq\\Desktop\\Work\\computer_vision\\yolov5\\train.py\", line 180, in train\n","stderr":true},"type":"standard_output"}
{"payload":{"local_timestamp":1738690242196,"message_id":26,"output":"    ","stderr":true},"type":"standard_output"}
{"payload":{"local_timestamp":1738690242196,"message_id":27,"output":"loggers = Loggers(","stderr":true},"type":"standard_output"}
{"payload":{"local_timestamp":1738690242196,"message_id":28,"output":"\n","stderr":true},"type":"standard_output"}
{"payload":{"local_timestamp":1738690242196,"message_id":29,"output":" ","stderr":true},"type":"standard_output"}
{"payload":{"local_timestamp":1738690242196,"message_id":30,"output":" ","stderr":true},"type":"standard_output"}
{"payload":{"local_timestamp":1738690242196,"message_id":31,"output":" ","stderr":true},"type":"standard_output"}
{"payload":{"local_timestamp":1738690242196,"message_id":32,"output":" ","stderr":true},"type":"standard_output"}
{"payload":{"local_timestamp":1738690242196,"message_id":33,"output":" ","stderr":true},"type":"standard_output"}
{"payload":{"local_timestamp":1738690242196,"message_id":34,"output":" ","stderr":true},"type":"standard_output"}
{"payload":{"local_timestamp":1738690242196,"message_id":35,"output":" ","stderr":true},"type":"standard_output"}
{"payload":{"local_timestamp":1738690242196,"message_id":36,"output":" ","stderr":true},"type":"standard_output"}
{"payload":{"local_timestamp":1738690242196,"message_id":37,"output":" ","stderr":true},"type":"standard_output"}
{"payload":{"local_timestamp":1738690242196,"message_id":38,"output":" ","stderr":true},"type":"standard_output"}
{"payload":{"local_timestamp":1738690242196,"message_id":39,"output":" ","stderr":true},"type":"standard_output"}
{"payload":{"local_timestamp":1738690242196,"message_id":40,"output":" ","stderr":true},"type":"standard_output"}
{"payload":{"local_timestamp":1738690242196,"message_id":41,"output":" ","stderr":true},"type":"standard_output"}
{"payload":{"local_timestamp":1738690242196,"message_id":42,"output":" ","stderr":true},"type":"standard_output"}
{"payload":{"local_timestamp":1738690242196,"message_id":43,"output":"^","stderr":true},"type":"standard_output"}
{"payload":{"local_timestamp":1738690242196,"message_id":44,"output":"^","stderr":true},"type":"standard_output"}
{"payload":{"local_timestamp":1738690242196,"message_id":45,"output":"^","stderr":true},"type":"standard_output"}
{"payload":{"local_timestamp":1738690242196,"message_id":46,"output":"^","stderr":true},"type":"standard_output"}
{"payload":{"local_timestamp":1738690242196,"message_id":47,"output":"^","stderr":true},"type":"standard_output"}
{"payload":{"local_timestamp":1738690242196,"message_id":48,"output":"^","stderr":true},"type":"standard_output"}
{"payload":{"local_timestamp":1738690242196,"message_id":49,"output":"^","stderr":true},"type":"standard_output"}
{"payload":{"local_timestamp":1738690242196,"message_id":50,"output":"^","stderr":true},"type":"standard_output"}
{"payload":{"local_timestamp":1738690242196,"message_id":51,"output":"\n","stderr":true},"type":"standard_output"}
{"payload":{"local_timestamp":1738690242196,"message_id":52,"output":"  File \"C:\\Users\\Tanishq\\Desktop\\Work\\computer_vision\\yolov5\\utils\\loggers\\__init__.py\", line 153, in __init__\n","stderr":true},"type":"standard_output"}
{"payload":{"local_timestamp":1738690242203,"message_id":53,"output":"    ","stderr":true},"type":"standard_output"}
{"payload":{"local_timestamp":1738690242203,"message_id":54,"output":"self.comet_logger = CometLogger(self.opt, self.hyp)","stderr":true},"type":"standard_output"}
{"payload":{"local_timestamp":1738690242203,"message_id":55,"output":"\n","stderr":true},"type":"standard_output"}
{"payload":{"local_timestamp":1738690242203,"message_id":56,"output":" ","stderr":true},"type":"standard_output"}
{"payload":{"local_timestamp":1738690242203,"message_id":57,"output":" ","stderr":true},"type":"standard_output"}
{"payload":{"local_timestamp":1738690242203,"message_id":58,"output":" ","stderr":true},"type":"standard_output"}
{"payload":{"local_timestamp":1738690242203,"message_id":59,"output":" ","stderr":true},"type":"standard_output"}
{"payload":{"local_timestamp":1738690242203,"message_id":60,"output":" ","stderr":true},"type":"standard_output"}
{"payload":{"local_timestamp":1738690242203,"message_id":61,"output":" ","stderr":true},"type":"standard_output"}
{"payload":{"local_timestamp":1738690242203,"message_id":62,"output":" ","stderr":true},"type":"standard_output"}
{"payload":{"local_timestamp":1738690242203,"message_id":63,"output":" ","stderr":true},"type":"standard_output"}
{"payload":{"local_timestamp":1738690242203,"message_id":64,"output":" ","stderr":true},"type":"standard_output"}
{"payload":{"local_timestamp":1738690242203,"message_id":65,"output":" ","stderr":true},"type":"standard_output"}
{"payload":{"local_timestamp":1738690242203,"message_id":66,"output":" ","stderr":true},"type":"standard_output"}
{"payload":{"local_timestamp":1738690242203,"message_id":67,"output":" ","stderr":true},"type":"standard_output"}
{"payload":{"local_timestamp":1738690242203,"message_id":68,"output":" ","stderr":true},"type":"standard_output"}
{"payload":{"local_timestamp":1738690242203,"message_id":69,"output":" ","stderr":true},"type":"standard_output"}
{"payload":{"local_timestamp":1738690242203,"message_id":70,"output":" ","stderr":true},"type":"standard_output"}
{"payload":{"local_timestamp":1738690242203,"message_id":71,"output":" ","stderr":true},"type":"standard_output"}
{"payload":{"local_timestamp":1738690242203,"message_id":72,"output":" ","stderr":true},"type":"standard_output"}
{"payload":{"local_timestamp":1738690242203,"message_id":73,"output":" ","stderr":true},"type":"standard_output"}
{"payload":{"local_timestamp":1738690242203,"message_id":74,"output":" ","stderr":true},"type":"standard_output"}
{"payload":{"local_timestamp":1738690242203,"message_id":75,"output":" ","stderr":true},"type":"standard_output"}
{"payload":{"local_timestamp":1738690242203,"message_id":76,"output":" ","stderr":true},"type":"standard_output"}
{"payload":{"local_timestamp":1738690242203,"message_id":77,"output":" ","stderr":true},"type":"standard_output"}
{"payload":{"local_timestamp":1738690242203,"message_id":78,"output":" ","stderr":true},"type":"standard_output"}
{"payload":{"local_timestamp":1738690242203,"message_id":79,"output":" ","stderr":true},"type":"standard_output"}
{"payload":{"local_timestamp":1738690242203,"message_id":80,"output":"^","stderr":true},"type":"standard_output"}
{"payload":{"local_timestamp":1738690242203,"message_id":81,"output":"^","stderr":true},"type":"standard_output"}
{"payload":{"local_timestamp":1738690242203,"message_id":82,"output":"^","stderr":true},"type":"standard_output"}
{"payload":{"local_timestamp":1738690242203,"message_id":83,"output":"^","stderr":true},"type":"standard_output"}
{"payload":{"local_timestamp":1738690242203,"message_id":84,"output":"^","stderr":true},"type":"standard_output"}
{"payload":{"local_timestamp":1738690242203,"message_id":85,"output":"^","stderr":true},"type":"standard_output"}
{"payload":{"local_timestamp":1738690242203,"message_id":86,"output":"^","stderr":true},"type":"standard_output"}
{"payload":{"local_timestamp":1738690242203,"message_id":87,"output":"^","stderr":true},"type":"standard_output"}
{"payload":{"local_timestamp":1738690242203,"message_id":88,"output":"^","stderr":true},"type":"standard_output"}
{"payload":{"local_timestamp":1738690242203,"message_id":89,"output":"^","stderr":true},"type":"standard_output"}
{"payload":{"local_timestamp":1738690242203,"message_id":90,"output":"^","stderr":true},"type":"standard_output"}
{"payload":{"local_timestamp":1738690242203,"message_id":91,"output":"^","stderr":true},"type":"standard_output"}
{"payload":{"local_timestamp":1738690242203,"message_id":92,"output":"^","stderr":true},"type":"standard_output"}
{"payload":{"local_timestamp":1738690242203,"message_id":93,"output":"^","stderr":true},"type":"standard_output"}
{"payload":{"local_timestamp":1738690242203,"message_id":94,"output":"^","stderr":true},"type":"standard_output"}
{"payload":{"local_timestamp":1738690242203,"message_id":95,"output":"^","stderr":true},"type":"standard_output"}
{"payload":{"local_timestamp":1738690242203,"message_id":96,"output":"^","stderr":true},"type":"standard_output"}
{"payload":{"local_timestamp":1738690242203,"message_id":97,"output":"^","stderr":true},"type":"standard_output"}
{"payload":{"local_timestamp":1738690242203,"message_id":98,"output":"^","stderr":true},"type":"standard_output"}
{"payload":{"local_timestamp":1738690242203,"message_id":99,"output":"^","stderr":true},"type":"standard_output"}
{"payload":{"local_timestamp":1738690242203,"message_id":100,"output":"^","stderr":true},"type":"standard_output"}
{"payload":{"local_timestamp":1738690242203,"message_id":101,"output":"^","stderr":true},"type":"standard_output"}
{"payload":{"local_timestamp":1738690242203,"message_id":102,"output":"^","stderr":true},"type":"standard_output"}
{"payload":{"local_timestamp":1738690242203,"message_id":103,"output":"^","stderr":true},"type":"standard_output"}
{"payload":{"local_timestamp":1738690242203,"message_id":104,"output":"^","stderr":true},"type":"standard_output"}
{"payload":{"local_timestamp":1738690242203,"message_id":105,"output":"^","stderr":true},"type":"standard_output"}
{"payload":{"local_timestamp":1738690242203,"message_id":106,"output":"^","stderr":true},"type":"standard_output"}
{"payload":{"local_timestamp":1738690242203,"message_id":107,"output":"^","stderr":true},"type":"standard_output"}
{"payload":{"local_timestamp":1738690242203,"message_id":108,"output":"^","stderr":true},"type":"standard_output"}
{"payload":{"local_timestamp":1738690242203,"message_id":109,"output":"^","stderr":true},"type":"standard_output"}
{"payload":{"local_timestamp":1738690242203,"message_id":110,"output":"^","stderr":true},"type":"standard_output"}
{"payload":{"local_timestamp":1738690242203,"message_id":111,"output":"\n","stderr":true},"type":"standard_output"}
{"payload":{"local_timestamp":1738690242203,"message_id":112,"output":"  File \"C:\\Users\\Tanishq\\Desktop\\Work\\computer_vision\\yolov5\\utils\\loggers\\comet\\__init__.py\", line 100, in __init__\n","stderr":true},"type":"standard_output"}
{"payload":{"local_timestamp":1738690242203,"message_id":113,"output":"    ","stderr":true},"type":"standard_output"}
{"payload":{"local_timestamp":1738690242203,"message_id":114,"output":"self.data_dict = self.check_dataset(self.opt.data)","stderr":true},"type":"standard_output"}
{"payload":{"local_timestamp":1738690242203,"message_id":115,"output":"\n","stderr":true},"type":"standard_output"}
{"payload":{"local_timestamp":1738690242203,"message_id":116,"output":" ","stderr":true},"type":"standard_output"}
{"payload":{"local_timestamp":1738690242203,"message_id":117,"output":" ","stderr":true},"type":"standard_output"}
{"payload":{"local_timestamp":1738690242203,"message_id":118,"output":" ","stderr":true},"type":"standard_output"}
{"payload":{"local_timestamp":1738690242203,"message_id":119,"output":" ","stderr":true},"type":"standard_output"}
{"payload":{"local_timestamp":1738690242203,"message_id":120,"output":" ","stderr":true},"type":"standard_output"}
{"payload":{"local_timestamp":1738690242203,"message_id":121,"output":" ","stderr":true},"type":"standard_output"}
{"payload":{"local_timestamp":1738690242203,"message_id":122,"output":" ","stderr":true},"type":"standard_output"}
{"payload":{"local_timestamp":1738690242203,"message_id":123,"output":" ","stderr":true},"type":"standard_output"}
{"payload":{"local_timestamp":1738690242203,"message_id":124,"output":" ","stderr":true},"type":"standard_output"}
{"payload":{"local_timestamp":1738690242203,"message_id":125,"output":" ","stderr":true},"type":"standard_output"}
{"payload":{"local_timestamp":1738690242203,"message_id":126,"output":" ","stderr":true},"type":"standard_output"}
{"payload":{"local_timestamp":1738690242203,"message_id":127,"output":" ","stderr":true},"type":"standard_output"}
{"payload":{"local_timestamp":1738690242203,"message_id":128,"output":" ","stderr":true},"type":"standard_output"}
{"payload":{"local_timestamp":1738690242203,"message_id":129,"output":" ","stderr":true},"type":"standard_output"}
{"payload":{"local_timestamp":1738690242203,"message_id":130,"output":" ","stderr":true},"type":"standard_output"}
{"payload":{"local_timestamp":1738690242203,"message_id":131,"output":" ","stderr":true},"type":"standard_output"}
{"payload":{"local_timestamp":1738690242203,"message_id":132,"output":" ","stderr":true},"type":"standard_output"}
{"payload":{"local_timestamp":1738690242203,"message_id":133,"output":" ","stderr":true},"type":"standard_output"}
{"payload":{"local_timestamp":1738690242203,"message_id":134,"output":" ","stderr":true},"type":"standard_output"}
{"payload":{"local_timestamp":1738690242203,"message_id":135,"output":" ","stderr":true},"type":"standard_output"}
{"payload":{"local_timestamp":1738690242203,"message_id":136,"output":" ","stderr":true},"type":"standard_output"}
{"payload":{"local_timestamp":1738690242203,"message_id":137,"output":"^","stderr":true},"type":"standard_output"}
{"payload":{"local_timestamp":1738690242203,"message_id":138,"output":"^","stderr":true},"type":"standard_output"}
{"payload":{"local_timestamp":1738690242203,"message_id":139,"output":"^","stderr":true},"type":"standard_output"}
{"payload":{"local_timestamp":1738690242203,"message_id":140,"output":"^","stderr":true},"type":"standard_output"}
{"payload":{"local_timestamp":1738690242203,"message_id":141,"output":"^","stderr":true},"type":"standard_output"}
{"payload":{"local_timestamp":1738690242203,"message_id":142,"output":"^","stderr":true},"type":"standard_output"}
{"payload":{"local_timestamp":1738690242203,"message_id":143,"output":"^","stderr":true},"type":"standard_output"}
{"payload":{"local_timestamp":1738690242203,"message_id":144,"output":"^","stderr":true},"type":"standard_output"}
{"payload":{"local_timestamp":1738690242203,"message_id":145,"output":"^","stderr":true},"type":"standard_output"}
{"payload":{"local_timestamp":1738690242203,"message_id":146,"output":"^","stderr":true},"type":"standard_output"}
{"payload":{"local_timestamp":1738690242203,"message_id":147,"output":"^","stderr":true},"type":"standard_output"}
{"payload":{"local_timestamp":1738690242203,"message_id":148,"output":"^","stderr":true},"type":"standard_output"}
{"payload":{"local_timestamp":1738690242203,"message_id":149,"output":"^","stderr":true},"type":"standard_output"}
{"payload":{"local_timestamp":1738690242203,"message_id":150,"output":"^","stderr":true},"type":"standard_output"}
{"payload":{"local_timestamp":1738690242203,"message_id":151,"output":"^","stderr":true},"type":"standard_output"}
{"payload":{"local_timestamp":1738690242203,"message_id":152,"output":"^","stderr":true},"type":"standard_output"}
{"payload":{"local_timestamp":1738690242203,"message_id":153,"output":"^","stderr":true},"type":"standard_output"}
{"payload":{"local_timestamp":1738690242203,"message_id":154,"output":"^","stderr":true},"type":"standard_output"}
{"payload":{"local_timestamp":1738690242203,"message_id":155,"output":"^","stderr":true},"type":"standard_output"}
{"payload":{"local_timestamp":1738690242203,"message_id":156,"output":"^","stderr":true},"type":"standard_output"}
{"payload":{"local_timestamp":1738690242203,"message_id":157,"output":"^","stderr":true},"type":"standard_output"}
{"payload":{"local_timestamp":1738690242203,"message_id":158,"output":"^","stderr":true},"type":"standard_output"}
{"payload":{"local_timestamp":1738690242203,"message_id":159,"output":"^","stderr":true},"type":"standard_output"}
{"payload":{"local_timestamp":1738690242203,"message_id":160,"output":"^","stderr":true},"type":"standard_output"}
{"payload":{"local_timestamp":1738690242203,"message_id":161,"output":"^","stderr":true},"type":"standard_output"}
{"payload":{"local_timestamp":1738690242203,"message_id":162,"output":"^","stderr":true},"type":"standard_output"}
{"payload":{"local_timestamp":1738690242203,"message_id":163,"output":"^","stderr":true},"type":"standard_output"}
{"payload":{"local_timestamp":1738690242203,"message_id":164,"output":"^","stderr":true},"type":"standard_output"}
{"payload":{"local_timestamp":1738690242203,"message_id":165,"output":"^","stderr":true},"type":"standard_output"}
{"payload":{"local_timestamp":1738690242203,"message_id":166,"output":"^","stderr":true},"type":"standard_output"}
{"payload":{"local_timestamp":1738690242203,"message_id":167,"output":"^","stderr":true},"type":"standard_output"}
{"payload":{"local_timestamp":1738690242203,"message_id":168,"output":"^","stderr":true},"type":"standard_output"}
{"payload":{"local_timestamp":1738690242203,"message_id":169,"output":"^","stderr":true},"type":"standard_output"}
{"payload":{"local_timestamp":1738690242203,"message_id":170,"output":"\n","stderr":true},"type":"standard_output"}
{"payload":{"local_timestamp":1738690242203,"message_id":171,"output":"  File \"C:\\Users\\Tanishq\\Desktop\\Work\\computer_vision\\yolov5\\utils\\loggers\\comet\\__init__.py\", line 258, in check_dataset\n","stderr":true},"type":"standard_output"}
{"payload":{"local_timestamp":1738690242203,"message_id":172,"output":"    ","stderr":true},"type":"standard_output"}
{"payload":{"local_timestamp":1738690242203,"message_id":173,"output":"return check_dataset(data_file)","stderr":true},"type":"standard_output"}
{"payload":{"local_timestamp":1738690242203,"message_id":174,"output":"\n","stderr":true},"type":"standard_output"}
{"payload":{"local_timestamp":1738690242211,"message_id":175,"output":" ","stderr":true},"type":"standard_output"}
{"payload":{"local_timestamp":1738690242211,"message_id":176,"output":" ","stderr":true},"type":"standard_output"}
{"payload":{"local_timestamp":1738690242211,"message_id":177,"output":" ","stderr":true},"type":"standard_output"}
{"payload":{"local_timestamp":1738690242211,"message_id":178,"output":" ","stderr":true},"type":"standard_output"}
{"payload":{"local_timestamp":1738690242211,"message_id":179,"output":" ","stderr":true},"type":"standard_output"}
{"payload":{"local_timestamp":1738690242211,"message_id":180,"output":" ","stderr":true},"type":"standard_output"}
{"payload":{"local_timestamp":1738690242211,"message_id":181,"output":" ","stderr":true},"type":"standard_output"}
{"payload":{"local_timestamp":1738690242211,"message_id":182,"output":" ","stderr":true},"type":"standard_output"}
{"payload":{"local_timestamp":1738690242211,"message_id":183,"output":" ","stderr":true},"type":"standard_output"}
{"payload":{"local_timestamp":1738690242211,"message_id":184,"output":" ","stderr":true},"type":"standard_output"}
{"payload":{"local_timestamp":1738690242211,"message_id":185,"output":" ","stderr":true},"type":"standard_output"}
{"payload":{"local_timestamp":1738690242211,"message_id":186,"output":"^","stderr":true},"type":"standard_output"}
{"payload":{"local_timestamp":1738690242211,"message_id":187,"output":"^","stderr":true},"type":"standard_output"}
{"payload":{"local_timestamp":1738690242211,"message_id":188,"output":"^","stderr":true},"type":"standard_output"}
{"payload":{"local_timestamp":1738690242211,"message_id":189,"output":"^","stderr":true},"type":"standard_output"}
{"payload":{"local_timestamp":1738690242211,"message_id":190,"output":"^","stderr":true},"type":"standard_output"}
{"payload":{"local_timestamp":1738690242211,"message_id":191,"output":"^","stderr":true},"type":"standard_output"}
{"payload":{"local_timestamp":1738690242211,"message_id":192,"output":"^","stderr":true},"type":"standard_output"}
{"payload":{"local_timestamp":1738690242211,"message_id":193,"output":"^","stderr":true},"type":"standard_output"}
{"payload":{"local_timestamp":1738690242211,"message_id":194,"output":"^","stderr":true},"type":"standard_output"}
{"payload":{"local_timestamp":1738690242211,"message_id":195,"output":"^","stderr":true},"type":"standard_output"}
{"payload":{"local_timestamp":1738690242211,"message_id":196,"output":"^","stderr":true},"type":"standard_output"}
{"payload":{"local_timestamp":1738690242211,"message_id":197,"output":"^","stderr":true},"type":"standard_output"}
{"payload":{"local_timestamp":1738690242211,"message_id":198,"output":"^","stderr":true},"type":"standard_output"}
{"payload":{"local_timestamp":1738690242211,"message_id":199,"output":"^","stderr":true},"type":"standard_output"}
{"payload":{"local_timestamp":1738690242211,"message_id":200,"output":"^","stderr":true},"type":"standard_output"}
{"payload":{"local_timestamp":1738690242211,"message_id":201,"output":"^","stderr":true},"type":"standard_output"}
{"payload":{"local_timestamp":1738690242211,"message_id":202,"output":"^","stderr":true},"type":"standard_output"}
{"payload":{"local_timestamp":1738690242211,"message_id":203,"output":"^","stderr":true},"type":"standard_output"}
{"payload":{"local_timestamp":1738690242211,"message_id":204,"output":"^","stderr":true},"type":"standard_output"}
{"payload":{"local_timestamp":1738690242211,"message_id":205,"output":"^","stderr":true},"type":"standard_output"}
{"payload":{"local_timestamp":1738690242211,"message_id":206,"output":"^","stderr":true},"type":"standard_output"}
{"payload":{"local_timestamp":1738690242211,"message_id":207,"output":"^","stderr":true},"type":"standard_output"}
{"payload":{"local_timestamp":1738690242211,"message_id":208,"output":"^","stderr":true},"type":"standard_output"}
{"payload":{"local_timestamp":1738690242211,"message_id":209,"output":"^","stderr":true},"type":"standard_output"}
{"payload":{"local_timestamp":1738690242211,"message_id":210,"output":"\n","stderr":true},"type":"standard_output"}
{"payload":{"local_timestamp":1738690242211,"message_id":211,"output":"  File \"C:\\Users\\Tanishq\\Desktop\\Work\\computer_vision\\yolov5\\utils\\general.py\", line 536, in check_dataset\n","stderr":true},"type":"standard_output"}
{"payload":{"local_timestamp":1738690242211,"message_id":212,"output":"    ","stderr":true},"type":"standard_output"}
{"payload":{"local_timestamp":1738690242211,"message_id":213,"output":"assert k in data, emojis(f\"data.yaml '{k}:' field missing \u274c\")","stderr":true},"type":"standard_output"}
{"payload":{"local_timestamp":1738690242211,"message_id":214,"output":"\n","stderr":true},"type":"standard_output"}
{"payload":{"local_timestamp":1738690242211,"message_id":215,"output":" ","stderr":true},"type":"standard_output"}
{"payload":{"local_timestamp":1738690242211,"message_id":216,"output":" ","stderr":true},"type":"standard_output"}
{"payload":{"local_timestamp":1738690242211,"message_id":217,"output":" ","stderr":true},"type":"standard_output"}
{"payload":{"local_timestamp":1738690242211,"message_id":218,"output":" ","stderr":true},"type":"standard_output"}
{"payload":{"local_timestamp":1738690242211,"message_id":219,"output":" ","stderr":true},"type":"standard_output"}
{"payload":{"local_timestamp":1738690242211,"message_id":220,"output":" ","stderr":true},"type":"standard_output"}
{"payload":{"local_timestamp":1738690242211,"message_id":221,"output":" ","stderr":true},"type":"standard_output"}
{"payload":{"local_timestamp":1738690242211,"message_id":222,"output":" ","stderr":true},"type":"standard_output"}
{"payload":{"local_timestamp":1738690242211,"message_id":223,"output":" ","stderr":true},"type":"standard_output"}
{"payload":{"local_timestamp":1738690242211,"message_id":224,"output":" ","stderr":true},"type":"standard_output"}
{"payload":{"local_timestamp":1738690242211,"message_id":225,"output":" ","stderr":true},"type":"standard_output"}
{"payload":{"local_timestamp":1738690242211,"message_id":226,"output":"^","stderr":true},"type":"standard_output"}
{"payload":{"local_timestamp":1738690242211,"message_id":227,"output":"^","stderr":true},"type":"standard_output"}
{"payload":{"local_timestamp":1738690242211,"message_id":228,"output":"^","stderr":true},"type":"standard_output"}
{"payload":{"local_timestamp":1738690242211,"message_id":229,"output":"^","stderr":true},"type":"standard_output"}
{"payload":{"local_timestamp":1738690242211,"message_id":230,"output":"^","stderr":true},"type":"standard_output"}
{"payload":{"local_timestamp":1738690242211,"message_id":231,"output":"^","stderr":true},"type":"standard_output"}
{"payload":{"local_timestamp":1738690242211,"message_id":232,"output":"^","stderr":true},"type":"standard_output"}
{"payload":{"local_timestamp":1738690242211,"message_id":233,"output":"^","stderr":true},"type":"standard_output"}
{"payload":{"local_timestamp":1738690242211,"message_id":234,"output":"^","stderr":true},"type":"standard_output"}
{"payload":{"local_timestamp":1738690242220,"message_id":235,"output":"\n","stderr":true},"type":"standard_output"}
{"payload":{"local_timestamp":1738690242220,"message_id":236,"output":"AssertionError","stderr":true},"type":"standard_output"}
{"payload":{"local_timestamp":1738690242220,"message_id":237,"output":": ","stderr":true},"type":"standard_output"}
{"payload":{"local_timestamp":1738690242220,"message_id":238,"output":"data.yaml 'val:' field missing ","stderr":true},"type":"standard_output"}
{"payload":{"local_timestamp":1738690242220,"message_id":239,"output":"\n","stderr":true},"type":"standard_output"}
{"payload":{"local_timestamp":1738690242220,"message_id":240,"output":"\u001b[1;38;5;39mCOMET INFO:\u001b[0m The process of logging environment details (conda environment, git patch) is underway. Please be patient as this may take some time.\n","stderr":true},"type":"standard_output"}
{"payload":{"git_metadata":{"branch":"refs/heads/master","origin":"https://github.com/ultralytics/yolov5","parent":"5cdad8922c83b0ed49a0173cd1a8b0739acbb336","repo_name":"yolov5","root":"1e84a23f38fad9e52b59101e9f1246d93066ed1e","status":null,"user":"tanishq450"},"message_id":241},"type":"git_metadata"}
{"payload":{"additional_params":{"assetId":"ac285dc5492a48238191361c593ae534","context":null,"epoch":null,"extension":"yml","fileName":"conda-environment.yml","overwrite":false,"runId":null,"step":null,"type":"conda-environment-definition"},"clean":true,"file_path":"tmpnqkemzxk","local_timestamp":1738690263937,"message_id":242,"metadata":{},"upload_type":"conda-environment-definition"},"type":"file_upload"}
{"payload":{"additional_params":{"assetId":"f136673ff7bd44fba19d7e591842729c","context":null,"epoch":null,"extension":"txt","fileName":"conda-spec.txt","overwrite":false,"runId":null,"step":null,"type":"conda-specification"},"clean":true,"file_path":"tmp4mqkdb9z","local_timestamp":1738690270861,"message_id":243,"metadata":{},"upload_type":"conda-specification"},"type":"file_upload"}
{"payload":{"local_timestamp":1738690272209,"message_id":244,"metric":{"epoch":null,"metricName":"sys.cpu.percent.avg","metricValue":11.766666666666667,"step":null}},"type":"metric_msg"}
{"payload":{"local_timestamp":1738690272209,"message_id":245,"metric":{"epoch":null,"metricName":"sys.ram.total","metricValue":16890978304,"step":null}},"type":"metric_msg"}
{"payload":{"local_timestamp":1738690272209,"message_id":246,"metric":{"epoch":null,"metricName":"sys.ram.used","metricValue":10938126336,"step":null}},"type":"metric_msg"}
{"payload":{"local_timestamp":1738690272209,"message_id":247,"metric":{"epoch":null,"metricName":"sys.ram.available","metricValue":5952851968,"step":null}},"type":"metric_msg"}
{"payload":{"local_timestamp":1738690272209,"message_id":248,"metric":{"epoch":null,"metricName":"sys.ram.percent.used","metricValue":64.8,"step":null}},"type":"metric_msg"}
{"payload":{"local_timestamp":1738690272209,"message_id":249,"metric":{"epoch":null,"metricName":"sys.load.avg","metricValue":0.79,"step":null}},"type":"metric_msg"}
{"payload":{"local_timestamp":1738690272321,"message_id":250,"metric":{"epoch":null,"metricName":"sys.network.send_bps","metricValue":1617,"step":null}},"type":"metric_msg"}
{"payload":{"local_timestamp":1738690272321,"message_id":251,"metric":{"epoch":null,"metricName":"sys.network.receive_bps","metricValue":2963,"step":null}},"type":"metric_msg"}
{"payload":{"local_timestamp":1738690272426,"message_id":252,"metric":{"epoch":null,"metricName":"sys.disk.read_bps","metricValue":102450.17308684094,"step":null}},"type":"metric_msg"}
{"payload":{"local_timestamp":1738690272426,"message_id":253,"metric":{"epoch":null,"metricName":"sys.disk.write_bps","metricValue":291156.23233331833,"step":null}},"type":"metric_msg"}
{"payload":{"additional_params":{"assetId":"4b8aeb0cc959468ba8510b1adb7522f0","context":null,"epoch":null,"extension":"yml","fileName":"conda-info.yml","overwrite":false,"runId":null,"step":null,"type":"conda-info"},"clean":true,"file_path":"tmph5m2ex3q","local_timestamp":1738690275000,"message_id":254,"metadata":{},"upload_type":"conda-info"},"type":"file_upload"}
{"payload":{"local_timestamp":1738690274997,"message_id":255,"output":"\u001b[1;38;5;39mCOMET INFO:\u001b[0m ---------------------------------------------------------------------------------------\n","stderr":true},"type":"standard_output"}
{"payload":{"local_timestamp":1738690274997,"message_id":256,"output":"\u001b[1;38;5;39mCOMET INFO:\u001b[0m Comet.ml OfflineExperiment Summary\n","stderr":true},"type":"standard_output"}
{"payload":{"local_timestamp":1738690274997,"message_id":257,"output":"\u001b[1;38;5;39mCOMET INFO:\u001b[0m ---------------------------------------------------------------------------------------\n","stderr":true},"type":"standard_output"}
{"payload":{"local_timestamp":1738690275000,"message_id":258,"output":"\u001b[1;38;5;39mCOMET INFO:\u001b[0m   Data:\n","stderr":true},"type":"standard_output"}
{"payload":{"local_timestamp":1738690275000,"message_id":259,"output":"\u001b[1;38;5;39mCOMET INFO:\u001b[0m     display_summary_level : 1\n","stderr":true},"type":"standard_output"}
{"payload":{"local_timestamp":1738690275001,"message_id":260,"output":"\u001b[1;38;5;39mCOMET INFO:\u001b[0m     name                  : exp\n","stderr":true},"type":"standard_output"}
{"payload":{"local_timestamp":1738690275001,"message_id":261,"output":"\u001b[1;38;5;39mCOMET INFO:\u001b[0m     url                   : [OfflineExperiment will get URL after upload]\n","stderr":true},"type":"standard_output"}
{"payload":{"local_timestamp":1738690275001,"message_id":262,"output":"\u001b[1;38;5;39mCOMET INFO:\u001b[0m   Others:\n","stderr":true},"type":"standard_output"}
{"payload":{"local_timestamp":1738690275001,"message_id":263,"output":"\u001b[1;38;5;39mCOMET INFO:\u001b[0m     Name               : exp\n","stderr":true},"type":"standard_output"}
{"payload":{"local_timestamp":1738690275003,"message_id":264,"output":"\u001b[1;38;5;39mCOMET INFO:\u001b[0m     offline_experiment : True\n","stderr":true},"type":"standard_output"}
{"payload":{"local_timestamp":1738690275009,"message_id":265,"output":"\u001b[1;38;5;39mCOMET INFO:\u001b[0m   Uploads:\n","stderr":true},"type":"standard_output"}
{"payload":{"local_timestamp":1738690275011,"message_id":266,"output":"\u001b[1;38;5;39mCOMET INFO:\u001b[0m     asset                        : 1 (251 bytes)\n","stderr":true},"type":"standard_output"}
{"payload":{"local_timestamp":1738690275013,"message_id":267,"output":"\u001b[1;38;5;39mCOMET INFO:\u001b[0m     conda-environment-definition : 1\n","stderr":true},"type":"standard_output"}
{"payload":{"local_timestamp":1738690275013,"message_id":268,"output":"\u001b[1;38;5;39mCOMET INFO:\u001b[0m     conda-info                   : 1\n","stderr":true},"type":"standard_output"}
{"payload":{"local_timestamp":1738690275013,"message_id":269,"output":"\u001b[1;38;5;39mCOMET INFO:\u001b[0m     conda-specification          : 1\n","stderr":true},"type":"standard_output"}
{"payload":{"local_timestamp":1738690275013,"message_id":270,"output":"\u001b[1;38;5;39mCOMET INFO:\u001b[0m     environment details          : 1\n","stderr":true},"type":"standard_output"}
{"payload":{"local_timestamp":1738690275013,"message_id":271,"output":"\u001b[1;38;5;39mCOMET INFO:\u001b[0m     git metadata                 : 1\n","stderr":true},"type":"standard_output"}
{"payload":{"local_timestamp":1738690275013,"message_id":272,"output":"\u001b[1;38;5;39mCOMET INFO:\u001b[0m \n","stderr":true},"type":"standard_output"}
